ward_code,ward_name,mdm_rank_2005,mdm_score_2005,k_nimdm2005
95AA01,Aldergrove,389,9.325677986304656,-1.4703602803875047
95AA02,Balloo,207,24.927586095494657,-0.4759941295895843
95AA03,Ballycraigy,150,29.960041554496204,-0.15525750373535446
95AA04,Clady,475,8.354677030325774,-1.5322456905732684
95AA05,Cranfield,396,12.138447076854845,-1.2910923117467787
95AA06,Crumlin (Antrim LGD),391,12.718799699855113,-1.2541043356736257
95AA07,Drumanaway,341,15.219394661107922,-1.0947323557258013
95AA08,Farranshane,56,44.37407627274161,0.7634011705717192
95AA09,Fountain Hill,180,27.480849286394637,-0.31326541247749273
95AA10,Greystone (Antrim LGD),273,19.86073099841175,-0.7989231690555606
95AA11,Massereene,476,8.196499458415344,-1.5423269205242696
95AA12,Parkgate,480,8.293084417413345,-1.5361712110282468
95AA13,Randalstown,401,12.338660747667594,-1.278331968858595
95AA14,Shilvodan,502,6.5158047296354304,-1.6494436870394393
95AA15,Springfarm,153,28.56018164226495,-0.24447564954418607
95AA16,Steeple,149,30.154601132471292,-0.1428575166762075
95AA17,Stiles,201,25.479739560738754,-0.44080338804425356
95AA18,Templepatrick,542,4.6363207571649765,-1.7692300125396514
95AA19,Toome,231,21.335334447579648,-0.7049413467399473
95BB01,Ballygowan,522,5.514257724830084,-1.7132759076269237
95BB02,Ballyrainey,178,27.32979481869534,-0.3228926611803936
95BB03,Ballywalter,352,13.692295159252321,-1.1920599417440225
95BB04,Bradshaw's Brae,539,4.4106090996111185,-1.7836154345368394
95BB05,Carrowdore,441,9.448929331454254,-1.4625050254533416
95BB06,Central (Ards LGD),145,30.324122099179927,-0.1320533310621211
95BB07,Comber East,367,13.732706294959785,-1.1894843936007071
95BB08,Comber North,405,11.445824074370105,-1.335235686013236
95BB09,Comber West,533,5.128817149106274,-1.7378414324948763
95BB10,Donaghadee North,472,8.576775048067372,-1.518090578938463
95BB11,Donaghadee South,344,15.5839883612705,-1.071495477794038
95BB12,Glen,267,18.54915025007712,-0.8825149637934077
95BB13,Gregstown,423,10.577322740909693,-1.3905884237599222
95BB14,Killinchy,486,7.771661186369585,-1.5694034033704256
95BB15,Kircubbin,287,16.564759591574823,-1.0089873726144798
95BB16,Lisbane,545,4.163707609718492,-1.7993513613486496
95BB17,Loughries,415,11.60254055129999,-1.3252475769408856
95BB18,Millisle,363,12.629337889151437,-1.2598060611119666
95BB19,Movilla,535,4.8336595791008525,-1.7566528941898907
95BB20,Portaferry,247,20.147215234795322,-0.7806644903475879
95BB21,Portavogie,281,18.317829267901352,-0.897257888378986
95BB22,Scrabo,96,34.57797740471105,0.1390602850808145
95BB23,Whitespots,548,3.994691507950984,-1.8101233700902235
95CC01,Abbey Park,137,30.63360287930607,-0.11232899927358145
95CC02,Ballymartrim,311,16.304344858493774,-1.0255845473916048
95CC03,Callan Bridge,63,42.41119106263475,0.6382993819204682
95CC04,Carrigatuke,186,25.2357181437386,-0.4563557573721932
95CC05,Charlemont,286,17.808607420596037,-0.9297124423132536
95CC06,Demesne,427,10.880623143724184,-1.371257989817393
95CC07,Derrynoose,289,17.43896213488491,-0.9532712761008122
95CC08,Downs,155,29.93098961710377,-0.15710908900017995
95CC09,Hamiltonsbawn,434,10.22730874929368,-1.4128960840238372
95CC10,Hockley,481,7.816593518142404,-1.5665397030154031
95CC11,Keady,105,34.671331789912564,0.14501009840001086
95CC12,Killeen,300,16.92901804867915,-0.985771860937862
95CC13,Killylea,239,20.3854381811221,-0.7654816785714328
95CC14,Laurelvale,482,7.8188959973609595,-1.566392957669781
95CC15,Loughgall,354,13.847542836890437,-1.1821654445740002
95CC16,Markethill,254,20.263395120918858,-0.7732599251266997
95CC17,Milford,327,15.584427759482121,-1.0714674733534721
95CC18,Observatory,309,17.699265619419368,-0.9366811915967667
95CC19,Poyntz Pass,331,15.45978533145632,-1.0794113870411266
95CC20,Rich Hill,464,9.441184159904672,-1.4629986533075199
95CC21,Tandragee,468,8.587391305739073,-1.5174139663598598
95CC22,The Mall,380,14.207103185177996,-1.159249360399933
95DD01,Academy,526,5.4173885399323956,-1.719449731869672
95DD02,Ahoghill,488,7.424141232233089,-1.5915521095864702
95DD03,Ardeevin,572,2.8401473380074997,-1.8837066545294294
95DD04,Ballee,67,41.7720171861992,0.5975625141762319
95DD05,Ballykeel,74,39.731438749573606,0.467509054610383
95DD06,Ballyloughan,559,3.5426762652004653,-1.8389319397786368
95DD07,Broughshane,487,7.399851080510757,-1.593100208992094
95DD08,Castle Demesne,122,32.352528862664656,-0.0027756163401177173
95DD09,Craigywarren,493,6.8309866897585465,-1.6293559983865393
95DD10,Cullybackey,348,15.032310532442745,-1.1066559053066758
95DD11,Dunclug,118,32.22926890116756,-0.01063142042533562
95DD12,Dunminning,440,9.85882136600798,-1.4363811204931631
95DD13,Fair Green,113,33.391793602017806,0.06346049217291
95DD14,Galgorm,549,3.641552482067193,-1.8326302001142867
95DD15,Glenravel,350,14.435299890269727,-1.1447055573164386
95DD16,Glenwhirry,461,9.27676638087345,-1.4734775942751133
95DD17,Grange,459,9.130245010251148,-1.482815932271702
95DD18,Harryville,229,22.815724909943235,-0.6105906970991287
95DD19,Kells,412,11.370348918572875,-1.3400459912416562
95DD20,Moat,108,33.94996351328486,0.09903468362907598
95DD21,Park,477,8.435168466079347,-1.5271156796424046
95DD22,Portglenone,356,14.089381118411204,-1.1667522143826403
95DD23,Slemish,435,10.319915357378614,-1.4069939292504974
95DD24,Summerfield,494,7.496203828669396,-1.5869592991344805
95EE01,Ballyhoe and Corkey,190,24.177497903684,-0.5237999686465649
95EE02,Benvardin,204,23.48158739255978,-0.5681528677537451
95EE03,Carnany,240,22.187907526362707,-0.650603774393647
95EE04,Clogh Mills,332,15.374229678301635,-1.0848641589015324
95EE05,Dervock,376,13.482531008419555,-1.2054289713383006
95EE06,Dunloy,316,16.120579647333667,-1.037296570330915
95EE07,Fairhill,355,15.434235250278958,-1.0810397863173626
95EE08,Glebe (Ballymoney LGD),507,6.144513741518021,-1.6731074074059755
95EE09,Killoquin Lower,291,17.416580973968223,-0.954697708603514
95EE10,Killoquin Upper,274,19.07501387348389,-0.8489997691523347
95EE11,Knockaholet,276,18.552480209633735,-0.8823027334018778
95EE12,Newhill,159,29.342745434476157,-0.19460002277027091
95EE13,Route,232,22.508751981854317,-0.6301551943879665
95EE14,Seacon,386,12.767688453245706,-1.2509884782293894
95EE15,Stranocum,271,18.738240222786093,-0.8704635745017124
95EE16,The Vow,408,11.313803112783075,-1.3436498603872413
95FF01,Ballydown,551,3.7341938406246866,-1.826725830567382
95FF02,Ballyward,294,17.243580788549867,-0.965723637435927
95FF03,Banbridge West,425,11.345340429222246,-1.3416398729078483
95FF04,Bannside,470,8.012179589162375,-1.554074293834121
95FF05,Dromore North,409,11.904983885693103,-1.3059717670751791
95FF06,Dromore South,500,6.48552536245064,-1.6513735008535844
95FF07,Edenderry (Banbridge LGD),202,25.231484910668026,-0.4566255566585597
95FF08,Fort,400,12.753504119829273,-1.2518924972072105
95FF09,Gilford,277,19.491319868544593,-0.8224670792425169
95FF10,Gransha,451,9.388568225991522,-1.4663520574751192
95FF11,Katesbridge,359,13.541296604782191,-1.2016836268941788
95FF12,Lawrencetown,353,14.489104659834114,-1.1412763843440126
95FF13,Loughbrickland,390,12.54445938248166,-1.2652156759726634
95FF14,Quilly,506,6.037222793248101,-1.6799454484007035
95FF15,Rathfriland,219,22.81376816592789,-0.6107154074871799
95FF16,Seapatrick,492,7.182662577095633,-1.6069424194850046
95FF17,The Cut,170,27.8678648236707,-0.2885995096015805
95GG01,Andersonstown,86,37.9466189870456,0.35375602230738945
95GG02,Ardoyne,7,71.24718560780514,2.476121826434246
95GG03,Ballyhackamore,416,12.891534129433342,-1.2430953444240997
95GG04,Ballymacarrett,9,69.61561469076209,2.372135898483658
95GG05,Ballynafeigh,221,23.18371209185524,-0.5871375402762603
95GG06,Ballysillan,92,36.30191542405009,0.24893310323275694
95GG07,Beechmount,37,51.00186790196468,1.1858143526336775
95GG08,Bellevue,184,26.206256753736856,-0.3944998141714846
95GG09,Belmont,357,13.396347909209853,-1.210921732609886
95GG10,Blackstaff,28,51.33953503618751,1.2073351029264157
95GG11,Bloomfield (Belfast LGD),152,29.149543495689393,-0.20691348256336695
95GG12,Botanic,248,20.932984562495463,-0.7305845631789344
95GG13,Castleview,195,24.265635085411393,-0.5181826666138204
95GG14,Cavehill,501,7.395415700369928,-1.5933828918439028
95GG15,Cherryvalley,496,6.861654268277276,-1.6274014424570629
95GG16,Chichester Park,117,33.66887448019896,0.08111986078144644
95GG17,Cliftonville,79,38.23678722324024,0.37224949567547894
95GG18,Clonard,18,62.35926440866296,1.909662395348347
95GG19,Crumlin (Belfast LGD),4,79.47432458631002,3.0004672116834192
95GG20,Duncairn,12,67.3132352545588,2.2253969123525184
95GG21,Falls,2,82.1361331282658,3.1701139174261956
95GG22,Falls Park,81,38.789989561372906,0.4075070856914956
95GG23,Finaghy,512,6.955856588731835,-1.6213975871509638
95GG24,Fortwilliam,233,22.61783823311347,-0.6232027322269026
95GG25,Glen Road,29,51.78165559720794,1.2355130486862385
95GG26,Glencairn,24,56.51494914905792,1.5371830019259538
95GG27,Glencolin,42,50.425459216278426,1.1490777379798123
95GG28,Highfield,73,40.27072319766948,0.501879607050851
95GG29,Island,34,51.767175270076635,1.2345901649561795
95GG30,Knock,432,10.116213260196167,-1.4199766021945495
95GG31,Ladybrook,89,37.433962925217315,0.3210825934347283
95GG32,Legoniel,57,45.149953699398296,0.8128506510350199
95GG33,Malone,558,4.354278111951605,-1.7872056125444027
95GG34,Musgrave,394,12.473545496273218,-1.2697352749584871
95GG35,New Lodge,5,78.56227353493739,2.9423388925741434
95GG36,Orangefield,428,11.775115478429909,-1.3142487513604855
95GG37,Ravenhill,385,14.525091738182995,-1.1389827974105553
95GG38,Rosetta,429,11.967760310984291,-1.3019707979667352
95GG39,Shaftesbury,23,59.67673507440431,1.7386950784124084
95GG40,Shankill,1,83.37537477041005,3.2490952787432534
95GG41,Stormont,529,5.41565041713022,-1.719560508735445
95GG42,Stranmillis,554,4.272676339703855,-1.7924063892443043
95GG43,Sydenham,174,27.509527668769483,-0.31143763522783763
95GG44,The Mount,14,64.76120870662523,2.06274701097872
95GG45,Upper Malone,315,15.292998291837986,-1.0900413295730003
95GG46,Upper Springfield,8,71.19018967996399,2.472489269378922
95GG47,Water Works,16,63.560419404392405,1.9862163566495068
95GG48,Whiterock,3,80.87243223242035,3.089573679221514
95GG49,Windsor,346,17.05692256479248,-0.9776200425533935
95GG50,Woodstock,44,48.38400613198658,1.0189685339481516
95GG51,Woodvale,13,63.790736715196104,2.0008953136208727
95HH01,Blackhead,453,9.393811869724448,-1.4660178610551444
95HH02,Bluefield,567,2.869977117525073,-1.8818054945667855
95HH03,Boneybefore,543,4.865787978794446,-1.7546052348323922
95HH04,Burleigh Hill,519,5.842752083446661,-1.6923397715690531
95HH05,Clipperstown,176,27.342457768150645,-0.3220856055164647
95HH06,Eden,517,5.991834175139633,-1.6828382295376445
95HH07,Gortalee,123,32.50808469820972,0.007138520850191097
95HH08,Greenisland,491,7.335399020900167,-1.597207972348823
95HH09,Killycrot,224,23.190737641851065,-0.5866897765118736
95HH10,Knockagh,552,3.8381962041180944,-1.8200973829994906
95HH11,Love Lane,82,37.25999809508149,0.30999518429824713
95HH12,Milebush,469,8.90550178715032,-1.4971396324312392
95HH13,Northland,50,47.332367721839354,0.9519438065487262
95HH14,Sunnylands,135,31.795056339725853,-0.03830536071053505
95HH15,Victoria (Carrickfergus LGD),418,12.013042887494132,-1.299084775245208
95HH16,Whitehead,513,6.202381636777191,-1.6694192767067733
95HH17,Woodburn,514,6.125426659816554,-1.674323896301348
95II01,Ballyhanwood,544,4.684193609485,-1.766178902152638
95II02,Beechill,474,8.361584345151769,-1.5318054623647823
95II03,Cairnshill,579,2.381044772453971,-1.9129669249871184
95II04,Carrowreagh,358,14.43893317848054,-1.1444739946904032
95II05,Carryduff East,527,5.373643284508506,-1.7222377755465799
95II06,Carryduff West,564,3.2857845734615094,-1.8553045783622448
95II07,Cregagh,140,31.35292432573084,-0.06648403640993827
95II08,Downshire,430,11.332004238102733,-1.3424898367031104
95II09,Dundonald,555,3.5167521726659903,-1.8405841761542152
95II10,Enler,98,34.90280191764119,0.15976252857223086
95II11,Galwally,580,2.2550717464660965,-1.9209956425054677
95II12,Gilnahirk,576,2.515166259563547,-1.9044188765084915
95II13,Graham's Bridge,290,19.587925846735832,-0.8163100301171278
95II14,Hillfoot,582,1.6208629764130713,-1.9614160660245914
95II15,Knockbracken,577,2.232549713271887,-1.9224310533089886
95II16,Lisnasharragh,278,20.137737472341037,-0.7812685424996636
95II17,Lower Braniel,450,10.0878842457167,-1.4217821129619956
95II18,Minnowburn,158,29.007490122147072,-0.2159670589123992
95II19,Moneyreagh,538,4.595471988931436,-1.7718334525899935
95II20,Newtownbreda,536,5.064031309637597,-1.7419704688517008
95II21,Tullycarnet,71,39.45432926732878,0.4498478629611972
95II22,Upper Braniel,456,9.640792948258207,-1.4502768617707764
95II23,Wynchurch,523,5.889320000454253,-1.6893718294390618
95JJ01,Agivey,426,10.627361270831981,-1.3873992868901117
95JJ02,Atlantic,333,16.194338504869755,-1.0325956510111678
95JJ03,Ballysally,61,42.61988586494374,0.6516002580576177
95JJ04,Castlerock,387,12.095601297887086,-1.293823028529107
95JJ05,Central (Coleraine LGD),95,35.743621162762786,0.2133509864991106
95JJ06,Churchland,76,40.316395526878246,0.5047904701244864
95JJ07,Cross Glebe,65,42.5808008549447,0.6491092287120627
95JJ08,Dundooan,471,8.143111974256728,-1.5457294983853918
95JJ09,Dunluce,444,9.637730917239713,-1.4504720161055011
95JJ10,Garvagh,242,20.683054854941087,-0.746513489277692
95JJ11,Hopefield,463,8.909440234455827,-1.4968886209100911
95JJ12,Kilrea,297,17.272420334480202,-0.9638855886487652
95JJ13,Knocklynn,541,4.127896343090139,-1.801633743163952
95JJ14,Macosquin,377,13.280366648970771,-1.2183136386832651
95JJ15,Mount Sandel,521,5.802092014477201,-1.6949311851313806
95JJ16,Portstewart,250,21.18143791148551,-0.7147497307623428
95JJ17,Ringsend,366,13.303518572238593,-1.216838082702402
95JJ18,Royal Portrush,193,24.147525754681354,-0.5257102023324912
95JJ19,Strand (Coleraine LGD),570,2.956860130296117,-1.8762681252671944
95JJ20,The Cuts,498,6.52999910794813,-1.6485390278639727
95JJ21,University,378,14.276097558349187,-1.154852098936988
95JJ22,Waterside,565,3.075271420791691,-1.868721344558254
95KK01,Ardboe,80,36.736731748262535,0.27664552350759214
95KK02,Coagh,228,21.839444385243315,-0.6728125933345651
95KK03,Dunnamore,90,33.79524656614746,0.08917401183742527
95KK04,Gortalowry,295,18.45938347034382,-0.8882361260133254
95KK05,Killycolpy,151,27.89062023747274,-0.28714922460606646
95KK06,Killymoon,226,22.67989872284202,-0.6192473922866769
95KK07,Lissan,360,14.057412671732795,-1.1687896793547532
95KK08,Moneymore,330,16.0833081374229,-1.0396720187430593
95KK09,Newbuildings,270,20.18605087369039,-0.7781893543263008
95KK10,Oaklands,364,13.506324764598748,-1.2039125090197595
95KK11,Oldtown,215,24.037815004287665,-0.5327024660868114
95KK12,Pomeroy,136,30.019122722661315,-0.1514920467565134
95KK13,Sandholes,417,11.064401684958403,-1.3595451173041468
95KK14,Stewartstown,144,29.249258885318994,-0.20055825937737104
95KK15,The Loop,302,16.96786246324014,-0.9832961656115794
95KK16,Tullagh,368,14.502878210144017,-1.140398546062398
95LL01,Aghagallon,372,13.60890309224023,-1.1973748204179362
95LL02,Annagh,185,24.94100793548882,-0.4751387070811182
95LL03,Ballybay,142,30.421424176500036,-0.12585191701633225
95LL04,Ballyoran,171,27.17661747462147,-0.33265520848872354
95LL05,Bleary,495,6.421704569506514,-1.6554410312977192
95LL06,Brownstown,410,11.146094821956938,-1.3543385175975386
95LL07,Church,64,42.348939515207334,0.634331865180631
95LL08,Corcrain,40,51.22036748701872,1.1997401231112739
95LL09,Court,51,46.579453893944404,0.9039578794629591
95LL10,Derrytrasna,448,8.99802658152581,-1.4912426919421247
95LL11,Donaghcloney,437,9.75688155241793,-1.4428781142802813
95LL12,Drumgask,26,53.83448256219838,1.3663471513579084
95LL13,Drumgor,66,42.243290438107934,0.6275984665863397
95LL14,Drumnamoe,68,42.31601273240459,0.6322333219739549
95LL15,Edenderry (Craigavon LGD),381,13.982917681949905,-1.1735375150506004
95LL16,Kernan,383,13.465607022925896,-1.206507598272501
95LL17,Killycomain,478,8.080416207867472,-1.5497253268096782
95LL18,Knocknashane,516,5.743534437497588,-1.6986632717462846
95LL19,Magheralin,511,6.093358557878009,-1.6763677126643763
95LL20,Mourneview,196,25.83007464113943,-0.41847526362834936
95LL21,Parklake,209,24.309380295714394,-0.5153946258126302
95LL22,Taghnevan,84,37.6258983471141,0.3333153335161074
95LL23,Tavanagh,93,35.719731326064434,0.21182840062085262
95LL24,The Birches,320,15.147851250006024,-1.0992920766147123
95LL25,Waringstown,504,6.768384104921678,-1.6333458880127683
95LL26,Woodville,197,23.43300998228436,-0.5712488821728308
95MM01,Altnagelvin,179,26.720753068367916,-0.36170909931795614
95MM02,Ballynashallog,218,23.47639092565076,-0.5684840574237462
95MM03,Banagher,205,22.361244712602666,-0.6395563672774595
95MM04,Beechwood,35,50.51475459683969,1.1547688562219736
95MM05,Brandywell,6,73.47831672459381,2.618319898939225
95MM06,Carn Hill,49,48.06272379094004,0.9984920459089985
95MM07,Caw,139,31.122923133807628,-0.08114284597932053
95MM08,Clondermot,111,33.788258483462855,0.08872863600057761
95MM09,Claudy,241,20.161907487222347,-0.779728099850338
95MM10,Creggan Central,11,67.67524641828761,2.2484691958773046
95MM11,Creggan South,15,63.43645313793939,1.9783155371895416
95MM12,Crevagh,55,45.33118975233717,0.8244014815542998
95MM13,Culmore,194,24.16116430662947,-0.5248409679857565
95MM14,Ebrington,83,37.96113819317487,0.3546813839369003
95MM15,Eglinton,404,12.251780226249615,-1.283869179375226
95MM16,Enagh (Derry LGD),124,31.80034655186986,-0.03796819631694125
95MM17,Foyle Springs,191,25.74218131376996,-0.4240770239390461
95MM18,Holly Mount,198,24.06630902991607,-0.530886438560783
95MM19,Kilfennan,449,10.25712332827953,-1.4109958928461723
95MM20,Lisnagelvin,257,20.702780267691164,-0.7452563172310472
95MM21,New Buildings,259,19.910469715830544,-0.7957531403232275
95MM22,Pennyburn,312,17.749857121227834,-0.9334568118244786
95MM23,Rosemount,53,45.733521807321374,0.8500435616163925
95MM24,Shantallow East,22,59.272516265560846,1.7129327486885817
95MM25,Shantallow West,47,48.233337913831946,1.009365902328641
95MM26,Springtown,120,33.1605287205046,0.04872114308588595
95MM27,Strand (Derry LGD),33,51.3176883710097,1.2059427357743597
95MM28,The Diamond,17,62.32692946233736,1.9076015720253905
95MM29,Victoria (Derry LGD),39,50.14029688798178,1.130903309265296
95MM30,Westland,19,61.64429607604481,1.86409487220487
95NN01,Ardglass,188,24.908911376203985,-0.47718433713396535
95NN02,Audley's Acre,424,11.776643836318703,-1.3141513435729066
95NN03,Ballymaglave,374,13.581290050913356,-1.1991346996214198
95NN04,Ballymote,38,50.33878839753806,1.1435538925748647
95NN05,Ballynahinch East,328,16.654541903293868,-1.003265220484817
95NN06,Castlewellan,237,20.51594243786459,-0.7571641692942608
95NN07,Cathedral,183,26.84482899548671,-0.35380129078631073
95NN08,Crossgar,465,8.892264315335957,-1.4979833044873891
95NN09,Derryboy,455,8.799062586346299,-1.5039233884729222
95NN10,Donard,414,11.261258669635083,-1.3469987081892685
95NN11,Drumaness,336,14.817136142509948,-1.1203697490474764
95NN12,Dundrum,285,18.319377475049546,-0.8971592155261648
95NN13,Dunmore,460,9.014391063237118,-1.490199724211819
95NN14,Killough,317,15.062622056503045,-1.104724042018306
95NN15,Killyleagh,255,20.485029386865254,-0.7591343700746079
95NN16,Kilmore,503,6.5491003891422315,-1.6473216339834702
95NN17,Murlough,161,28.165254670012917,-0.2696457768450396
95NN18,Quoile,321,15.773764862187996,-1.0594003335713853
95NN19,Saintfield,525,5.32143386230896,-1.7255652712493244
95NN20,Seaforde,397,11.949332331295397,-1.3031452799020207
95NN21,Shimna,234,21.981180518393998,-0.6637792358654867
95NN22,Strangford,420,10.882079652635893,-1.371165161225531
95NN23,Tollymore,264,18.090430571300182,-0.9117508314891034
95OO01,Altmore,169,25.938151399228968,-0.4115871401257561
95OO02,Augher,308,16.2925560292313,-1.0263358922075145
95OO03,Aughnacloy,208,22.275475961203338,-0.6450227206613419
95OO04,Ballygawley,203,22.794767505358866,-0.6119263884505601
95OO05,Ballysaggart,58,43.79578377410594,0.7265444936909633
95OO06,Benburb,301,17.00869408387231,-0.9806938184400219
95OO07,Caledon,266,18.389549010831573,-0.892686929223565
95OO08,Castlecaulfield,351,14.205309224359965,-1.1593636960248337
95OO09,Clogher,220,21.368151400225095,-0.7028498034072604
95OO10,Coalisland North,182,26.712779818831773,-0.36221726340885574
95OO11,Coalisland South,46,47.27028162115367,0.9479868343293789
95OO12,Coalisland West and Newmills,322,16.586818078189552,-1.007581505314531
95OO13,Coolhill,473,8.462120933429189,-1.525397901212638
95OO14,Donaghmore (Dungannon LGD),293,17.20887583340094,-0.9679355100109698
95OO15,Drumglass,125,31.74979483597188,-0.04119004038895555
95OO16,Fivemiletown,263,19.400686575431372,-0.8282434675006972
95OO17,Killyman,395,11.740846531766893,-1.3164328355344674
95OO18,Killymeal,407,12.341257655217317,-1.2781664585283121
95OO19,Moy,442,9.868819429723047,-1.4357439076559764
95OO20,Moygashel,419,11.39175804010874,-1.338681510331719
95OO21,Mullaghmore,167,28.266058720010484,-0.2632211693880915
95OO22,Washing Bay,216,21.894372188343638,-0.6693118453646112
95PP01,Ballinamallard,483,7.588401737068699,-1.5810831922733821
95PP02,Belcoo and Garrison,206,22.84235919964248,-0.6088931972842262
95PP03,Belleek and Boa,165,26.424124145893412,-0.38061433563854236
95PP04,Boho Cleenish and Letterbreen,343,14.955710554943055,-1.111537899498957
95PP05,Brookeborough,296,17.07990260580564,-0.9761554412515839
95PP06,Castlecoole,421,11.351648879367465,-1.3412378125159719
95PP07,Derrygonnelly,325,15.863696611487061,-1.0536686572431315
95PP08,Derrylin,288,17.47934938453674,-0.950697250302394
95PP09,Devenish,41,50.78390090529046,1.1719225259438213
95PP10,Donagh,258,19.07726948063988,-0.8488560111331412
95PP11,Erne,280,19.648291387166942,-0.8124627154387416
95PP12,Florence Court and Kinawley,298,16.684979017409052,-1.0013253528870656
95PP13,Irvinestown,164,28.102725999909275,-0.2736309556174263
95PP14,Kesh Ederney and Lack,230,20.325543664386846,-0.7692989732025207
95PP15,Lisbellaw,462,9.323072326096941,-1.470526348556404
95PP16,Lisnarrick,445,9.490632132537902,-1.4598471547941358
95PP17,Lisnaskea,119,32.686862022158294,0.01853264765958971
95PP18,Maguiresbridge,403,11.560246879735312,-1.3279431059173772
95PP19,Newtownbutler,109,32.10195508059612,-0.01874559164202341
95PP20,Portora,200,25.541153402683857,-0.43688926131095396
95PP21,Rosslea,77,36.57971192909359,0.2666380813349235
95PP22,Rossorry,439,10.783314535490653,-1.377459820101965
95PP23,Tempo,306,16.78827947203997,-0.994741640514954
95QQ01,Antiville,134,31.574167375736458,-0.05238341496766134
95QQ02,Ballycarry,457,9.072119102321674,-1.486520507053515
95QQ03,Ballyloran,78,37.832928508764105,0.34651011607079535
95QQ04,Blackcave,187,25.875984776066634,-0.4155492443343831
95QQ05,Carncastle,524,5.528002883743329,-1.712399878831919
95QQ06,Carnlough,127,29.456515610087617,-0.18734903713398618
95QQ07,Central (Larne LGD),160,29.400190159049128,-0.19093886227262474
95QQ08,Craigy Hill,112,32.88074466213653,0.030889491006727256
95QQ09,Gardenmore,438,10.749200119544103,-1.3796340554733109
95QQ10,Glenarm,261,18.74026283182639,-0.8703346662969023
95QQ11,Glynn,447,10.14556851646958,-1.4181056853181013
95QQ12,Harbour (Larne LGD),361,14.643966029885162,-1.1314065079566333
95QQ13,Island Magee,382,12.876801427906333,-1.244034312889094
95QQ14,Kilwaughter,490,6.3895863138091995,-1.6574880441415694
95QQ15,Town Parks,279,19.809083300259434,-0.8022148640488825
95RR01,Aghanloo,446,9.8460767291305,-1.4371933823925722
95RR02,Ballykelly,284,18.32117038773931,-0.8970449467022773
95RR03,Coolessan,48,47.960348079281594,0.9919672707581281
95RR04,Dungiven,177,27.549310583014584,-0.308902125915222
95RR05,Enagh (Limavady LGD),189,24.19715540947908,-0.5225471245562815
95RR06,Feeny,157,27.79094958239449,-0.29350159669697035
95RR07,Forest,392,12.451424714080344,-1.2711451125814128
95RR08,Glack,245,20.356439700735603,-0.7673298568275223
95RR09,Gresteel,244,19.623369782322023,-0.814051059640484
95RR10,Greystone (Limavady LGD),31,52.49762384123119,1.2811442998076057
95RR11,Magilligan,225,20.85651563735186,-0.735458204929581
95RR12,Rathbrady,452,10.122267077312362,-1.4195907704884958
95RR13,Roeside,214,24.377616501481835,-0.511045685106201
95RR14,The Highlands,116,31.451636812468553,-0.06019273186012783
95RR15,Upper Glenshane,251,20.68157218680322,-0.7466079850918479
95SS01,Ballinderry,479,7.931475599687835,-1.5592178515839943
95SS02,Ballymacash,574,2.4916989696294682,-1.9059145319499988
95SS03,Ballymacbrennan,532,5.088744012247612,-1.7403954387465268
95SS04,Ballymacoss,422,10.960936686945688,-1.3661393166223457
95SS05,Blaris,485,6.958435290964635,-1.621233237111511
95SS06,Collin Glen,21,59.39439302332684,1.7207003961867822
95SS07,Derryaghy,249,21.037496567167434,-0.7239236343316079
95SS08,Dromara,508,5.965073947161931,-1.6845437558554792
95SS09,Drumbo,540,4.5294583164582995,-1.7760407431943062
95SS10,Dunmurry,454,10.228606803436689,-1.412813354328682
95SS11,Glenavy,466,8.687651658537503,-1.5110240106959694
95SS12,Harmony Hill,556,3.7558116503714976,-1.8253480492013991
95SS13,Hilden,199,25.393854186045814,-0.44627717425332314
95SS14,Hillhall,246,21.43289589778715,-0.698723401919983
95SS15,Hillsborough,566,3.143522547099159,-1.8643714529117312
95SS16,Kilwee,88,37.545983785549836,0.3282220888681303
95SS17,Knockmore,319,16.969853909889768,-0.9831692434988705
95SS18,Lagan Valley,223,22.910406642195966,-0.6045562871415691
95SS19,Lambeg,299,17.651570363738482,-0.9397209831062929
95SS20,Lisnagarvy,547,4.233266022957458,-1.7949181515678985
95SS21,Maghaberry,509,6.271539481732615,-1.6650115965945373
95SS22,Magheralave,561,3.3556901235195977,-1.8508492442938607
95SS23,Maze,484,7.449376136543687,-1.589943797674269
95SS24,Moira,520,5.8282381840226405,-1.6932647949830053
95SS25,Old Warren,54,45.7170150412437,0.8489915255877281
95SS26,Poleglass,133,31.95400737255493,-0.028174835291884304
95SS27,Seymour Hill,369,14.416251938074184,-1.145919552346579
95SS28,Tonagh,146,30.899489391774768,-0.0953830881643596
95SS29,Twinbrook,20,58.929829632911336,1.6910920875686204
95SS30,Wallace Park,568,3.27872368854812,-1.8557545941489946
95TT01,Ballymaguigan,433,10.052257166484996,-1.4240527558469473
95TT02,Bellaghy,335,15.387764940749438,-1.0840015075690115
95TT03,Castledawson,402,11.644092552346347,-1.3225993173146107
95TT04,Draperstown,329,15.728561807319277,-1.0622812880905084
95TT05,Glebe (Magherafelt LGD),370,13.28191382490839,-1.2182150315532314
95TT06,Gulladuff,375,13.211422876526148,-1.2227076751785104
95TT07,Knockcloghrim,467,8.451810243097412,-1.5260550388771803
95TT08,Lecumpher,431,10.220461642647004,-1.413332474946839
95TT09,Lower Glenshane,384,12.042849545709688,-1.2971850888869416
95TT10,Maghera,147,29.832553265606794,-0.16338279445028336
95TT11,Swatragh,362,13.57685255870522,-1.1994175170829329
95TT12,Tobermore,338,15.380478498782507,-1.0844658989242841
95TT13,Town Parks East,371,13.194501634443254,-1.2237861272651995
95TT14,Town Parks West,411,12.189351673964877,-1.2878479772761502
95TT15,Upperlands,283,18.018307946559002,-0.9163474677625273
95TT16,Valley (Magherafelt LGD),323,15.764508341393245,-1.0599902851906384
95UU01,Armoy,106,31.896746515089088,-0.03182427727239174
95UU02,Ballylough,114,32.55086408563799,0.00986500625908053
95UU03,Bonamargy and Rathlin,303,16.65352503838345,-1.0033300289710467
95UU04,Bushmills,114,32.55086408563799,0.00986500625908053
95UU05,Carnmoon,210,21.888914366616376,-0.669659692124424
95UU06,Dalriada,275,19.053797341506748,-0.8503519756316796
95UU07,Dunseverick,210,21.888914366616376,-0.669659692124424
95UU08,Glenaan,212,21.752886713423685,-0.6783292274761684
95UU09,Glenariff,222,21.112776118545,-0.7191257956817948
95UU10,Glendun,212,21.752886713423685,-0.6783292274761684
95UU11,Glenshesk,303,16.65352503838345,-1.0033300289710467
95UU12,Glentaisie,129,30.162191224228213,-0.1423737726192811
95UU13,Kinbane,129,30.162191224228213,-0.1423737726192811
95UU14,Knocklayd,163,27.900192084457494,-0.2865391761058672
95UU15,Moss-Side and Moyarget,106,31.896746515089088,-0.03182427727239174
95VV01,Annalong,192,23.267163683298026,-0.5818188678946402
95VV02,Ballybot,36,50.70852778062483,1.1671187235292162
95VV03,Bessbrook,72,41.3090329251236,0.5680548491942425
95VV04,Binnian,310,16.130367415507088,-1.036672760390785
95VV05,Burren and Kilbroney,398,11.72624521205786,-1.3173634305600264
95VV06,Camlough,94,35.058357888318874,0.16967667437503106
95VV07,Clonallan,265,18.805407202825467,-0.8661827794261964
95VV08,Creggan,62,41.36081870913558,0.5713553448998742
95VV09,Crossmaglen,25,53.305958978742474,1.3326624278222396
95VV10,Daisy Hill,59,43.716762813128085,0.7215082014470922
95VV11,Derryleckagh,399,12.287007446516368,-1.281624020951345
95VV12,Derrymore,87,37.41506197050586,0.31987796708702115
95VV13,Donaghmore (Newry and Mourne LGD),334,15.234784491783868,-1.0937515060384695
95VV14,Drumalane,181,27.28798709646714,-0.3255572188444139
95VV15,Drumgullion,110,34.72638378640262,0.14851876166481462
95VV16,Fathom,260,20.166913011437572,-0.7794090796502582
95VV17,Forkhill,166,27.9898103534444,-0.2808274790140741
95VV18,Kilkeel Central,238,20.327106540142722,-0.7691993654661675
95VV19,Kilkeel South,162,28.049503141975205,-0.2770230412525925
95VV20,Lisnacree,217,22.031609501453207,-0.6605652140021159
95VV21,Mayobridge,252,20.26754500920618,-0.7729954377054415
95VV22,Newtownhamilton,101,33.38583820739763,0.06308093328924652
95VV23,Rostrevor,269,19.760663640334283,-0.8053008244664008
95VV24,Seaview,262,20.091285904281133,-0.7842290692895277
95VV25,Silver Bridge,132,29.990916581671407,-0.15328972635113158
95VV26,Spelga,253,20.11881529885293,-0.7824745211969114
95VV27,St Mary's,91,36.05781803947321,0.2333758922158188
95VV28,St Patrick's,138,32.40696669606503,6.939040850295425e-4
95VV29,Tullyhappy,243,21.126239010351497,-0.7182677567925418
95VV30,Windsor Hill,272,18.777918659201777,-0.8679347239398312
95WW01,Abbey,379,14.204160413772627,-1.1594369138872729
95WW02,Ballyclare North,365,14.388278688261579,-1.1477023889423852
95WW03,Ballyclare South,318,15.952432349211625,-1.0480132070673023
95WW04,Ballyduff,436,10.646934398911588,-1.386151820497451
95WW05,Ballyhenry,458,9.63078880347051,-1.450914462176762
95WW06,Ballynure,530,4.905986323221854,-1.7520432486485877
95WW07,Ballyrobert,537,4.228464771330555,-1.7952241527355661
95WW08,Burnthill,489,7.766101163944986,-1.569757763751092
95WW09,Carnmoney,324,14.26613443667383,-1.155487084791341
95WW10,Cloughfern,337,16.861099468007982,-0.9901005582457166
95WW11,Collinbridge,499,7.286623457455334,-1.6003166157875743
95WW12,Coole,45,49.46961569489166,1.088158366036669
95WW13,Doagh,497,6.766459024534865,-1.6334685803630127
95WW14,Dunanney,30,52.57478080350226,1.2860617926580828
95WW15,Glebe (Newtownabbey LGD),515,6.0520604861115554,-1.6789997884573107
95WW16,Glengormley,393,13.279357706185118,-1.218377942263771
95WW17,Hawthorne,349,15.3814396209981,-1.0844046431220273
95WW18,Hightown,388,13.992738485549184,-1.1729115996430484
95WW19,Jordanstown,569,2.37791242427591,-1.9131665608892774
95WW20,Mallusk,528,4.91905507432748,-1.7512103297747108
95WW21,Monkstown,99,34.33284084703969,0.12343684379622305
95WW22,Mossley,227,21.74118960157717,-0.6790747268087418
95WW23,Rostulla,510,5.669204300092171,-1.7034006008026303
95WW24,Valley (Newtownabbey LGD),70,40.542817619519425,0.519221170724665
95WW25,Whitehouse,60,44.23461061955456,0.7545125190197696
95XX01,Ballycrochan,550,3.306704943801475,-1.8539712473374348
95XX02,Ballyholme,581,2.3076839478253297,-1.917642476227058
95XX03,Ballymaconnell,562,3.1074895297295315,-1.8666679677054807
95XX04,Ballymagee,560,3.302375588591076,-1.854247172836154
95XX05,Bangor Castle,340,16.0268616936875,-1.0432695551847935
95XX06,Bloomfield (North Down LGD),345,14.939939011900591,-1.1125430770988713
95XX07,Broadway,575,2.3269161130285876,-1.9164167406342807
95XX08,Bryansburn,573,2.7544662796457735,-1.8891674189181942
95XX09,Churchill,531,5.232232505824658,-1.7312503969962838
95XX10,Clandeboye,413,11.185323549632889,-1.3518383286035487
95XX11,Conlig,292,15.99284898857264,-1.0454373081561987
95XX12,Craigavad,546,4.329512847034482,-1.7887839926359135
95XX13,Crawfordsburn,571,3.0874659226816243,-1.867944144755491
95XX14,Cultra,563,3.7473433348646554,-1.825887765640911
95XX15,Dufferin,156,29.33011035814253,-0.19540530197913292
95XX16,Groomsport,534,4.880491768314869,-1.7536681090343653
95XX17,Harbour (North Down LGD),268,17.917122390445115,-0.9227963899869857
95XX18,Holywood Demesne,505,6.774547290103787,-1.6329530858834842
95XX19,Holywood Priory,557,3.87704392298637,-1.8176214770777288
95XX20,Loughview,406,10.902536457938089,-1.3698613748807067
95XX21,Princetown,553,3.9698094805593174,-1.811709191877427
95XX22,Rathgael,518,5.780376894699979,-1.6963151684182884
95XX23,Silverstream,443,10.274594504436443,-1.4098823914677845
95XX24,Spring Hill,578,2.0389597109292006,-1.9347692457989871
95XX25,Whitehill,235,22.69343412667286,-0.6183847319433027
95YY01,Beragh,313,16.611261705227513,-1.0060236243707918
95YY02,Camowen,282,19.696877300170886,-0.8093661591099501
95YY03,Clanabogan,305,16.90216345093238,-0.9874834017831097
95YY04,Coolnagard,314,18.141312959391335,-0.9085079124797417
95YY05,Dergmoney,256,21.716799640582412,-0.6806291874210423
95YY06,Dromore,154,28.111312671822912,-0.2730836958951428
95YY07,Drumnakilly,173,26.300245453544683,-0.3885095736834407
95YY08,Drumquin,97,32.63861967922016,0.015457988296315625
95YY09,Drumragh,347,16.02680597223333,-1.0432731065150227
95YY10,Fairy Water,373,13.10744527782795,-1.2293345443962467
95YY11,Fintona,100,33.92069296913949,0.09716916576357547
95YY12,Gortin,342,14.855479230891277,-1.1179260050556126
95YY13,Gortrush,236,21.39890453246778,-0.7008897948288787
95YY14,Killyclogher,339,16.04880251043605,-1.0418711874118947
95YY15,Lisanelly,175,25.570933540350726,-0.4349912652033757
95YY16,Newtownsaville,326,15.316476448473368,-1.0885449815572341
95YY17,Owenkillew,172,26.047068788062244,-0.40464544017911225
95YY18,Sixmilecross,148,27.778878873905516,-0.29427090669761796
95YY19,Strule,104,34.636111647705434,0.1427653910865233
95YY20,Termon,103,32.87006799347424,0.03020902821674232
95YY21,Trillick,307,16.49760752416285,-1.0132672172542028
95ZZ01,Artigarvan,168,27.38726739691623,-0.31922972546881384
95ZZ02,Ballycolman,27,53.99415408966617,1.3765235965112192
95ZZ03,Castlederg,43,47.63416405088224,0.9711783804184795
95ZZ04,Clare,69,39.153711895455224,0.43068842830481563
95ZZ05,Dunnamanagh,85,34.70606572676391,0.14722381808398893
95ZZ06,East,10,70.81736980992466,2.4487281078262764
95ZZ07,Finn,75,38.47783347266328,0.38761224679063744
95ZZ08,Glenderg,32,50.85806281739987,1.176649133392343
95ZZ09,Newtownstewart,52,46.15026925056272,0.8766043866187319
95ZZ10,North,126,31.604437493212338,-0.05045419067098948
95ZZ11,Plumbridge,102,32.1600933730749,-0.015040227547997234
95ZZ12,Sion Mills,121,31.98584220227833,-0.026145886212590636
95ZZ13,Slievekirk,131,30.216135979983118,-0.1389356778195724
95ZZ14,South,141,30.61613981222579,-0.11344198383112525
95ZZ15,Victoria Bridge,143,29.25707484895655,-0.2000601196868499
95ZZ16,West,128,32.7796122847977,0.024443958058342617
