soa_code,sen_prop_prim,abs_prop_prim,no5gcsr_prop,neet_prop,noHE_prop,sen_prop_postprim,abs_prop_postprim,loQual_prop,death_ratio,phy_benefit_ratio,cancer_ratio,emergency_ratio,lo_birthweight_prop,child_denExtract_ratio,multiPrescrib_ratio,health_long_ratio
95AA01S1,0.14,0.051,0.429,0.044,0.915,0.076,0.064,0.253,0,10.3,NA,47.6,0.065,10.5,30.2,70.6
95AA01S2,0.063,0.033,0.207,0.03,0.555,0.068,0.049,0.261,130.4,63.6,90,79.6,0.022,46.6,78,87.6
95AA01S3,0.043,0.031,0.335,0.016,0.662,0.075,0.046,0.245,53,69.4,84.6,77.6,0.017,38.7,114.1,79.4
95AA02W1,0.11,0.049,0.317,0.038,0.697,0.092,0.092,0.401,157,120.6,108.4,120.2,0.068,96.4,122.8,108.2
95AA03W1,0.103,0.042,0.476,0.021,0.839,0.115,0.056,0.461,172.6,122.2,125.2,105.6,0.029,107.5,136.1,122.9
95AA04W1,0.063,0.038,0.194,0.019,0.627,0.066,0.043,0.288,64.9,62.5,83.8,87.8,0.045,74.1,78,81.9
95AA05W1,0.079,0.029,0.223,0.006,0.51,0.036,0.054,0.303,78.9,82.6,96,72.7,0.03,83,96.4,93.2
95AA06S1,0.119,0.048,0.214,0.027,0.562,0.12,0.066,0.334,130,108,114.3,103.9,0.025,99.3,111.6,107.9
95AA06S2,0.105,0.054,0.304,0.051,0.658,0.082,0.056,0.347,120.1,93.8,94.6,101.4,0.054,66.8,102.3,102.7
95AA07W1,0.063,0.04,0.24,0.022,0.593,0.07,0.061,0.335,98.7,80,84.9,87.6,0.037,71.1,110.9,92.5
95AA08W1,0.168,0.051,0.625,0.04,0.793,0.067,0.079,0.46,184.4,135.4,108.5,119.6,0.071,121.2,131.7,116.2
95AA09W1,0.116,0.054,0.48,0.009,0.721,0.107,0.076,0.446,104.1,106.4,117.1,90.8,0.056,84.2,111.7,108.7
95AA10W1,0.07,0.05,0.509,0.016,0.706,0.124,0.075,0.406,85.6,118.6,132.3,104,0.053,78.7,106.7,114.9
95AA11S1,0.05,0.04,0.329,0.019,0.656,0.069,0.067,0.315,100.9,90.6,91.4,90.3,0.051,67.3,103.5,96.1
95AA11S2,0.048,0.035,0.359,0.013,0.601,0.091,0.056,0.273,87.5,67.6,100.8,81.1,0.019,53.4,89.6,92.3
95AA12W1,0.044,0.033,0.171,0.033,0.535,0.038,0.045,0.229,58.3,48.4,82,64.4,0.018,52.3,63.3,81.8
95AA13S1,0.063,0.042,0.389,0.017,0.628,0.055,0.055,0.31,96.9,83.4,119.9,113.3,0.032,62.2,94.8,86.2
95AA13S2,0.055,0.037,0.372,0.014,0.671,0.049,0.057,0.318,117.5,93,113.5,79.9,0.031,76.6,116.8,91.7
95AA14W1,0.08,0.033,0.19,0.006,0.572,0.087,0.051,0.258,83.2,60.2,89.2,100,0.038,67.8,76.3,82.2
95AA15S1,0.064,0.046,0.413,0.033,0.709,0.048,0.073,0.302,90.6,90.6,124.3,140.3,0.047,75.8,109.1,98.5
95AA15S2,0.094,0.054,0.688,0.04,0.859,0.104,0.099,0.396,246,121.8,126.4,199.3,0.06,53.7,88.5,108.5
95AA16W1,0.132,0.047,0.711,0.012,0.877,0.171,0.079,0.481,181.3,129.8,92.9,119.1,0.07,83.8,136.4,116.2
95AA17W1,0.094,0.049,0.509,0.03,0.731,0.111,0.087,0.38,56.4,113.3,127.3,96.8,0.034,82.8,117.3,104.9
95AA18W1,0.084,0.032,0.145,0.014,0.449,0.056,0.053,0.221,95.5,61.9,98.1,94.2,0.038,68.4,70.1,80.5
95AA19W1,0.081,0.031,0.37,0.031,0.61,0.068,0.064,0.404,86.9,104.4,124,101.2,0.053,89.8,130.3,89.4
95BB01S1,0.099,0.036,0.28,0.018,0.656,0.054,0.048,0.265,73.1,58.6,78.2,102,0.027,85.1,79.1,83.3
95BB01S2,0.14,0.032,0.37,0.015,0.628,0.058,0.043,0.289,93.2,66,80.2,72.4,0.029,123.9,91.7,99
95BB02W1,0.089,0.057,0.531,0.011,0.718,0.07,0.084,0.412,182.6,104.6,87.5,105,0.053,157.9,124.3,109
95BB03S1,0.112,0.058,0.408,0.022,0.815,0.023,0.09,0.406,96.7,105.6,96.7,87.5,0.05,113.2,86.4,112.5
95BB03S2,0.119,0.043,0.459,0.008,0.649,0.074,0.069,0.347,60.3,84.3,70.5,87.4,0.043,119.9,61.8,101.8
95BB04S1,0.095,0.041,0.483,0.03,0.558,0.107,0.094,0.296,90.9,91.1,109.2,174.1,0.016,148.1,119.8,102.9
95BB04S2,0.063,0.028,0.186,0.012,0.512,0.048,0.036,0.215,59.5,49,98.6,80.4,0.019,83.4,86,87.5
95BB05S1,0.078,0.037,0.189,0.035,0.598,0.064,0.051,0.284,61.8,66,84.1,70.2,0.068,192.6,75.5,90.7
95BB05S2,0.092,0.041,0.329,0.011,0.643,0.068,0.05,0.333,100.7,81.6,81.6,74.8,0.021,104.1,66.3,103.1
95BB06W1,0.12,0.063,0.551,0.01,0.85,0.085,0.099,0.44,155.6,129.9,92.3,157.7,0.073,204.6,144.4,116.9
95BB07S1,0.081,0.054,0.483,0,0.712,0.07,0.087,0.335,139.1,105.5,103.1,135.8,0.051,127.3,122.1,109.2
95BB07S2,0.068,0.041,0.307,0.01,0.63,0.027,0.046,0.332,84.8,63.7,70.5,84.8,0.057,109.2,93.7,97.7
95BB08S1,0.082,0.063,0.621,0,0.829,0.103,0.12,0.493,137.3,120.2,127,106.1,0.102,173.8,139.5,123.3
95BB08S2,0.083,0.038,0.298,0.03,0.6,0.045,0.059,0.313,80.9,49.8,81.4,69.6,0.089,93.1,104.6,94.8
95BB09S1,0.036,0.04,0.176,0,0.567,0.054,0.039,0.24,64.9,54.8,70.4,65.1,0.039,54.8,73.7,79.3
95BB09S2,0.041,0.04,0.313,0.023,0.449,0.023,0.041,0.246,74.2,52.6,98.9,65.4,0.048,61.4,85,87.2
95BB10S1,0.082,0.036,0.123,0,0.742,0.099,0.058,0.314,135.9,84.5,92.9,119.7,0.038,103.4,72.9,96.5
95BB10S2,0.102,0.041,0.102,0.018,0.517,0.045,0.05,0.199,69.9,47.5,99,120.6,0.102,69.1,59.1,81
95BB11S1,0.104,0.061,0.485,0.034,0.761,0.045,0.103,0.429,123.3,119.5,105,128.1,0.089,149.4,112.2,115.7
95BB11S2,0.096,0.049,0.287,0.014,0.686,0.078,0.073,0.319,84.6,87.6,104.8,136.4,0.079,111.6,72.8,102.3
95BB12S1,0.168,0.063,0.602,0.057,0.851,0.086,0.112,0.514,148.2,123.9,102.9,147.5,0.051,258.1,133,121.7
95BB12S2,0.071,0.037,0.223,0,0.549,0.09,0.067,0.235,55.7,48.9,93.4,107.9,0.038,116.8,86.9,86.7
95BB13S1,0.074,0.047,0.403,0.035,0.592,0.067,0.074,0.294,126.5,89.5,49.1,97.2,0.059,163.3,87.8,98.6
95BB13S2,0.117,0.061,0.551,0,0.738,0.128,0.084,0.46,110.4,95.7,91.8,116.2,0.032,231.5,128.1,106.6
95BB13S3,0.126,0.036,0.437,0.009,0.586,0.081,0.064,0.287,90,68.4,93.5,102.8,0.059,133.3,114.8,96.1
95BB14S1,0.073,0.036,0.064,0,0.474,0.049,0.044,0.236,56.9,44.2,71.3,62.7,0.048,66.3,80,89.4
95BB14S2,0.078,0.033,0.126,0.009,0.519,0.027,0.053,0.199,79,42.8,71.3,75.9,0.039,73.7,76.3,81.1
95BB15S1,0.064,0.04,0.349,0.026,0.628,0.071,0.058,0.301,80,84.9,115.2,99.9,0.036,154.9,89.1,97.7
95BB15S2,0.149,0.048,0.382,0.02,0.696,0.099,0.076,0.414,78.4,109.9,140.9,114,0.046,193.1,99.8,99.3
95BB16S1,0.093,0.03,0.13,0,0.505,0.087,0.035,0.245,76.1,46,102,87.6,0.03,75.4,65.2,86.8
95BB16S2,0.033,0.031,0.097,0,0.442,0.052,0.035,0.224,46.1,42.5,94.3,81.2,0.036,69,65.2,77.6
95BB17S1,0.085,0.042,0.45,0.023,0.709,0.099,0.062,0.368,134.6,90.3,115.8,152.2,0.057,137.2,121.5,111
95BB17S2,0.088,0.046,0.47,0,0.65,0.104,0.083,0.336,72.9,85.8,85.9,118.9,0.073,171.8,95.8,98.3
95BB18S1,0.103,0.05,0.547,0.012,0.795,0.066,0.091,0.407,114.2,117,86.7,98.7,0.034,156.1,110.7,122.3
95BB18S2,0.055,0.039,0.301,0.023,0.652,0.06,0.069,0.245,74.3,63.8,86.8,98.5,0.046,120.9,65.9,88.7
95BB19S1,0.101,0.044,0.486,0.027,0.7,0.102,0.098,0.342,87.4,77.4,89.1,111.2,0.036,117.6,102.7,97.5
95BB19S2,0.057,0.037,0.191,0.008,0.512,0.072,0.051,0.226,72.6,49.5,106.3,107.9,0.037,148.6,90.7,94.6
95BB19S3,0.046,0.034,0.198,0,0.618,0.036,0.06,0.311,20.4,60.4,94.2,116.4,0.062,149.2,91,93.7
95BB20S1,0.096,0.049,0.389,0.016,0.598,0.108,0.062,0.311,110.6,101.2,108.1,119.7,0.04,156.3,82,99.3
95BB20S2,0.198,0.048,0.395,0.02,0.636,0.142,0.068,0.432,104,153.7,112.5,95,0.051,155.6,140.7,120.4
95BB21S1,0.071,0.055,0.509,0.027,0.638,0.07,0.094,0.449,106.6,123.3,92.8,101.7,0.029,218.5,111.9,110.7
95BB21S2,0.103,0.04,0.362,0.015,0.688,0.078,0.063,0.305,70.4,100.8,92.6,117,0.031,143.9,89.6,108
95BB22S1,0.075,0.053,0.659,0.031,0.807,0.144,0.093,0.438,119,103.8,125.2,197.8,0.05,184.4,134.8,108.2
95BB22S2,0.109,0.056,0.58,0.022,0.844,0.131,0.098,0.513,213.3,128.1,109.6,257.5,0.03,223.4,121.9,122.6
95BB23S1,0.064,0.041,0.189,0,0.578,0.046,0.054,0.261,72.3,57.7,87.5,70.7,0.023,143.5,96.1,88.4
95BB23S2,0.135,0.035,0.413,0,0.548,0.062,0.057,0.238,62.2,51.8,66.8,126.5,0.066,175.6,87.4,90.6
95CC01W1,0.106,0.044,0.288,0.014,0.629,0.089,0.07,0.42,138.6,114.6,100.9,105.9,0.083,112.6,102.9,94.9
95CC02W1,0.075,0.04,0.175,0.005,0.543,0.083,0.054,0.358,50.8,85.5,97.8,78.8,0.017,123.9,82.5,79.9
95CC03W1,0.101,0.076,0.43,0.032,0.791,0.126,0.101,0.481,104.7,154.6,100.2,96.2,0.031,144.4,130,108.7
95CC04W1,0.046,0.037,0.114,0.005,0.607,0.072,0.051,0.419,84.1,96.1,87.1,98.9,0.031,126.1,88.5,84.6
95CC05W1,0.081,0.035,0.259,0.02,0.601,0.046,0.053,0.346,107.4,95.1,86,91.6,0.049,112.5,94.4,95.2
95CC06S1,0.075,0.042,0.176,0.011,0.522,0.071,0.048,0.235,86.9,67.5,100.4,57.6,0.078,101.8,77.7,81.5
95CC06S2,0.118,0.048,0.203,0.012,0.551,0.08,0.069,0.345,81.4,103.3,95,45.3,0.061,127.4,84.5,95.4
95CC07W1,0.058,0.037,0.212,0.003,0.577,0.093,0.048,0.378,93.8,93.5,85,95.4,0.026,127.4,85.7,84.8
95CC08W1,0.098,0.043,0.413,0.032,0.616,0.091,0.054,0.431,132.7,124.2,143.6,107.3,0.04,92.8,121.3,105.7
95CC09S1,0.034,0.029,0.219,0,0.497,0.056,0.048,0.281,50,61.4,114.6,79.3,0.076,78.8,98.6,81
95CC09S2,0.094,0.033,0.387,0.011,0.664,0.055,0.052,0.314,76.2,65.9,97.3,92.1,0.028,88,112.7,82.3
95CC10W1,0.069,0.035,0.266,0.021,0.538,0.041,0.057,0.294,85.6,65.9,78.6,93.4,0.051,80.7,88.4,82.2
95CC11W1,0.118,0.047,0.272,0,0.688,0.091,0.076,0.446,121.4,121.9,107.7,86.5,0.041,125.5,85.2,98.5
95CC12W1,0.114,0.034,0.209,0.009,0.575,0.118,0.053,0.368,56.7,92.4,100.2,98.1,0.037,80.9,76.8,87.4
95CC13W1,0.052,0.03,0.257,0.013,0.611,0.091,0.052,0.374,90.7,99.6,83.5,92.4,0.015,116.3,114,94.2
95CC14W1,0.078,0.04,0.254,0.017,0.716,0.097,0.062,0.345,56.1,88.5,104.3,94.8,0.058,96.6,110.9,94.5
95CC15W1,0.09,0.033,0.235,0.024,0.597,0.045,0.056,0.362,64.9,86.3,90.5,70.4,0.014,82.2,114.3,96.4
95CC16W1,0.124,0.034,0.382,0.005,0.659,0.086,0.054,0.422,101.1,103.9,114,96.6,0.035,133.5,114.7,104.5
95CC17W1,0.068,0.033,0.225,0,0.562,0.066,0.049,0.335,87.2,79.2,80.1,101.8,0.041,61.5,75.2,88.3
95CC18W1,0.083,0.044,0.291,0.036,0.534,0.079,0.053,0.275,55.6,95.9,123,89.2,0.067,106.6,95.2,91.4
95CC19W1,0.075,0.036,0.353,0.014,0.559,0.103,0.063,0.333,77.6,88.3,90.1,85.1,0.046,107,83.7,90.3
95CC20S1,0.052,0.041,0.234,0,0.547,0.056,0.054,0.285,38.5,70.1,119.8,89,0.062,84.7,125.5,92
95CC20S2,0.061,0.036,0.363,0,0.543,0.067,0.063,0.357,65.9,87,70.1,95.1,0.03,102.5,135.5,93
95CC21W1,0.079,0.038,0.427,0.038,0.646,0.079,0.083,0.382,60.3,92.8,119.7,79.4,0.055,90.7,112.1,98.7
95CC22W1,0.071,0.056,0.34,0.012,0.696,0.079,0.076,0.425,138.7,101.1,132.5,78.5,0.033,65,96,94.2
95DD01W1,0.065,0.043,0.183,0.028,0.459,0.063,0.045,0.267,60.7,63.2,105.3,107.7,0.045,90.4,73,78.2
95DD02S1,0.031,0.049,0.295,0.035,0.699,0.081,0.066,0.384,136.7,92.6,93.1,71.4,0.083,89.2,101.6,92
95DD02S2,0.062,0.035,0.213,0.02,0.646,0.026,0.052,0.326,81,69.6,113.5,87.5,0.026,74.8,95.2,86.7
95DD03W1,0.06,0.033,0.331,0.037,0.551,0.077,0.056,0.242,60,54.7,94.9,80,0.065,68.9,70.6,85.5
95DD04W1,0.105,0.05,0.858,0.034,0.867,0.106,0.08,0.595,213.1,150.9,119.9,126.5,0.099,130.1,167.2,111.1
95DD05W1,0.08,0.047,0.46,0.021,0.832,0.132,0.072,0.581,140.4,130.9,122.3,98.4,0.071,166.3,120.5,111.5
95DD06W1,0.089,0.039,0.277,0.027,0.553,0.016,0.035,0.239,81.6,60.2,74.4,76.8,0.062,40.5,64.4,80.2
95DD07S1,0.043,0.039,0.32,0,0.536,0.049,0.066,0.357,72.6,76.4,70.2,85.5,0.037,74.3,90.6,98.2
95DD07S2,0.061,0.031,0.228,0.019,0.591,0.056,0.051,0.323,85.9,70.4,63.5,71.3,0.088,85.4,76.4,91.4
95DD08W1,0.108,0.071,0.514,0.112,0.798,0.065,0.094,0.486,91.1,119.2,102.6,107.1,0.088,109.5,117,105.3
95DD09W1,0.041,0.028,0.238,0.019,0.532,0.052,0.035,0.29,109.4,55.3,83.5,79.4,0.033,83.5,66.5,80.3
95DD10W1,0.052,0.039,0.351,0.053,0.742,0.085,0.061,0.392,104.2,93.4,85.2,104.7,0.055,91.8,113.1,93.9
95DD11W1,0.077,0.068,0.525,0.114,0.861,0.091,0.088,0.477,112.6,134.8,91.5,100.8,0.067,132.5,128,114.7
95DD12W1,0.047,0.032,0.293,0.006,0.633,0.042,0.046,0.33,82.3,64.7,97.4,88.9,0.019,76.9,79.5,86.2
95DD13W1,0.076,0.057,0.519,0.052,0.785,0.09,0.065,0.401,130.2,96.6,90.3,82.5,0.059,130.5,109.1,97
95DD14S1,0.027,0.038,0.198,0.012,0.573,0.041,0.046,0.349,102.8,67.2,85.4,79.3,0.079,70.7,78.5,85.9
95DD14S2,0.013,0.032,0.11,0.023,0.39,0.043,0.038,0.172,39,38.5,114.3,62.3,0.016,71.5,56.3,71.7
95DD15W1,0.067,0.032,0.277,0.022,0.584,0.061,0.043,0.309,60.9,71,98.7,72.1,0.042,81.2,69.9,76.7
95DD16W1,0.062,0.032,0.223,0.005,0.529,0.048,0.049,0.289,65.5,60.8,92.7,81.5,0.024,70.3,72.1,84.8
95DD17W1,0.072,0.031,0.209,0.017,0.536,0.049,0.045,0.279,51.3,66.3,96.9,84,0.023,84.3,91.6,78
95DD18W1,0.091,0.048,0.535,0.042,0.863,0.079,0.086,0.45,127.9,106.6,94.5,135.7,0.053,110.2,103.5,103.7
95DD19S1,0.082,0.041,0.407,0.039,0.757,0.029,0.068,0.396,132.3,101.2,83.6,96.5,0.06,69.2,116.7,101.3
95DD19S2,0.057,0.031,0.196,0.021,0.562,0.036,0.052,0.297,83.2,63.8,103,73.7,0,91.3,76,89
95DD20W1,0.149,0.047,0.696,0.026,0.824,0.092,0.076,0.572,149.5,141.7,102,128.9,0.044,140.7,135.7,117.8
95DD21W1,0.071,0.055,0.27,0.04,0.689,0.058,0.063,0.354,88.6,72.6,108.5,72.4,0.02,96.4,90.8,81.9
95DD22S1,0.077,0.033,0.343,0.011,0.631,0.057,0.046,0.327,101,76.8,113.8,113.5,0.022,88.1,95.8,89.1
95DD22S2,0.067,0.034,0.238,0.021,0.65,0.125,0.068,0.362,61.4,96.4,63.4,67.8,0.047,88.4,129.4,92.8
95DD23W1,0.051,0.032,0.075,0.012,0.592,0.029,0.046,0.297,56.7,62.7,82.3,88.3,0.034,96.7,68.3,81
95DD24W1,0.067,0.05,0.251,0.059,0.649,0.045,0.055,0.304,57.2,76.9,113.9,110.2,0.025,82.8,87.9,89.1
95EE01W1,0.044,0.038,0.29,0.028,0.667,0.072,0.052,0.395,73.1,91.5,123.1,87.1,0.033,99.2,110.3,93.6
95EE02W1,0.072,0.036,0.485,0.007,0.68,0.092,0.076,0.415,95.1,89.7,98.9,85.3,0.06,73.1,114.3,99.6
95EE03W1,0.078,0.043,0.342,0.026,0.664,0.091,0.08,0.428,92,114.7,84.3,80.9,0.034,114,95.6,108.1
95EE04W1,0.083,0.044,0.259,0.02,0.661,0.06,0.057,0.413,62.5,90.6,91.1,97.4,0.048,104.8,114.4,94.4
95EE05W1,0.104,0.047,0.382,0.028,0.503,0.069,0.064,0.371,86.5,81.1,109.5,116.2,0.035,94.9,109.9,91.7
95EE06W1,0.067,0.037,0.233,0.01,0.606,0.064,0.047,0.395,50.1,83,88.8,62.2,0.051,103.1,88.3,94.8
95EE07W1,0.037,0.036,0.429,0.009,0.696,0.07,0.054,0.472,72,114.4,90.1,81,0.075,108.5,112,109.3
95EE08W1,0.085,0.039,0.297,0.012,0.523,0.058,0.044,0.329,112.5,86.6,75.8,123.1,0.018,92.3,83.9,94.1
95EE09W1,0.069,0.037,0.418,0,0.65,0.061,0.052,0.378,94.1,91.2,82.5,60.3,0.053,77.6,89,89.2
95EE10W1,0.118,0.046,0.366,0.027,0.683,0.069,0.058,0.413,75.9,80.5,63.4,48.5,0.062,122.7,94.7,83.8
95EE11W1,0.03,0.032,0.221,0.018,0.62,0.056,0.053,0.344,32.3,72.3,99.4,79.3,0.032,121.2,83.2,89.2
95EE12W1,0.082,0.049,0.577,0.058,0.779,0.1,0.073,0.494,113.8,133.3,102.8,89.2,0.045,100.2,110.1,115.4
95EE13W1,0.119,0.039,0.364,0.013,0.676,0.063,0.059,0.406,95.1,119.2,106.1,78.9,0.043,94.3,96.9,101.8
95EE14W1,0.077,0.035,0.374,0.013,0.648,0.079,0.059,0.367,74.6,97.6,84.7,61.5,0.045,107.8,90.3,101
95EE15W1,0.024,0.031,0.285,0.011,0.655,0.046,0.055,0.399,40,80.7,86.6,62.1,0.052,80.6,96.9,95.2
95EE16W1,0.094,0.034,0.25,0.029,0.587,0.077,0.055,0.372,48.9,82.6,87.5,72.7,0.05,89.5,90.1,94.6
95FF01S1,0.074,0.034,0.245,0.017,0.476,0.05,0.051,0.269,47.9,79.7,64.2,49.9,0.055,83.1,58.5,91.1
95FF01S2,0.09,0.036,0.197,0.026,0.586,0.06,0.048,0.233,60.6,65.5,111.8,106.4,0.033,89.9,42.2,89.1
95FF02W1,0.054,0.038,0.356,0.023,0.632,0.055,0.06,0.315,112.9,80.6,107.2,93.9,0.023,107.4,78.8,83.6
95FF03W1,0.119,0.053,0.429,0.025,0.669,0.106,0.071,0.378,111.5,108.2,98.5,86.8,0.06,116,69.9,105.3
95FF04W1,0.077,0.032,0.229,0.006,0.548,0.04,0.048,0.314,63.9,80.7,103.2,76.2,0.03,122.8,61.3,87.1
95FF05W1,0.088,0.043,0.384,0.033,0.713,0.088,0.065,0.339,92.2,92.5,82.4,86.9,0.05,132,83.7,100
95FF06S1,0.071,0.032,0.388,0,0.608,0.033,0.046,0.291,86,71.7,65.2,87.4,0.032,94.3,85.6,93.6
95FF06S2,0.083,0.033,0.271,0.014,0.569,0.054,0.048,0.24,66.6,61.4,109.3,78.6,0.076,72.2,57.5,86.4
95FF07W1,0.13,0.051,0.443,0.024,0.762,0.125,0.085,0.462,178.4,151.6,126.3,106.7,0.014,162.7,85,112.7
95FF08W1,0.117,0.048,0.306,0.036,0.655,0.055,0.066,0.355,111.8,107.6,92,76,0.014,111.8,64.8,99.4
95FF09W1,0.065,0.044,0.334,0.037,0.747,0.108,0.072,0.43,110.8,112.7,90,99.2,0.029,110.4,112.4,108.5
95FF10W1,0.062,0.036,0.274,0.013,0.626,0.063,0.049,0.288,33.9,67.5,69.9,87.6,0.041,102,85.5,90.1
95FF11W1,0.063,0.036,0.258,0.024,0.597,0.049,0.051,0.33,54.3,75,87.4,77.2,0.025,131.1,71,80.5
95FF12W1,0.081,0.036,0.216,0.03,0.608,0.07,0.056,0.337,139.2,101.3,87.4,81.4,0.044,116.4,67.1,95.5
95FF13W1,0.083,0.038,0.257,0.011,0.629,0.076,0.06,0.343,71.2,93.9,97.2,92.4,0.019,124.9,83.6,91.1
95FF14W1,0.066,0.031,0.212,0.018,0.487,0.042,0.039,0.24,36.8,62.7,95.6,69.7,0.061,69.5,66.9,84.2
95FF15W1,0.083,0.049,0.373,0.014,0.722,0.077,0.075,0.409,112.4,110.4,82.5,129.5,0.052,137.9,113.7,106.4
95FF16W1,0.065,0.035,0.214,0.018,0.51,0.064,0.052,0.288,62.4,83,92.7,89.3,0.035,106,42.6,89.9
95FF17W1,0.143,0.053,0.5,0.043,0.74,0.123,0.073,0.466,94,157.4,128,120.7,0.097,98.6,91.6,109.3
95GG01S1,0.143,0.056,0.383,0,0.597,0.083,0.055,0.379,120,139.7,107.1,95.6,0.049,128.4,100.5,120.5
95GG01S2,0.125,0.07,0.326,0.09,0.595,0.081,0.082,0.447,160.9,147.6,119.4,154.2,0.048,99,119.3,119.6
95GG01S3,0.111,0.052,0.257,0.069,0.667,0.067,0.084,0.41,163.5,142.2,96.7,103.7,0.021,94.7,98.1,117.5
95GG02S1,0.115,0.051,0.66,0.094,0.831,0.138,0.085,0.615,141.2,218.7,150.1,115.7,0.041,131.3,191.4,137.4
95GG02S2,0.149,0.053,0.673,0.058,0.849,0.118,0.095,0.643,137.8,228.2,105.3,165.4,0.058,172.4,193.3,140.8
95GG02S3,0.175,0.059,0.704,0.097,0.841,0.149,0.104,0.647,248.2,236.4,150.7,177.1,0.066,105.3,223.7,143.3
95GG03S1,0.044,0.04,0.149,0.011,0.363,0.086,0.042,0.166,82.3,64.7,107.8,112.2,0.028,39.6,75.2,91.1
95GG03S2,0.066,0.036,0.181,0.012,0.543,0.156,0.04,0.169,101.5,58.3,91.4,79.1,0.024,71.9,70.1,88.4
95GG03S3,0.102,0.047,0.246,0.027,0.725,0.144,0.085,0.251,160.2,78,113.9,102.6,0.053,77.5,71.1,98.4
95GG04S1,0.121,0.071,0.49,0.055,0.848,0.126,0.112,0.566,289.9,178.4,156,131.3,0.04,188.5,151.1,129.5
95GG04S2,0.13,0.064,0.59,0.043,0.827,0.149,0.119,0.646,191.9,199.8,107,200.4,0.05,144.8,163.2,133.8
95GG04S3,0.152,0.072,0.667,0.015,0.887,0.088,0.124,0.566,277.2,180.6,129.4,155.9,0.066,202.8,139.4,136.8
95GG05S1,0.079,0.041,0.194,0.001,0.673,0.047,0.057,0.179,129.3,102.2,91.3,108,0.062,38.3,89.9,91.5
95GG05S2,0.088,0.061,0.349,0.053,0.695,0.083,0.092,0.21,77.1,72.6,104.1,103.8,0.022,78,76,90.8
95GG05S3,0.126,0.071,0.555,0.015,0.838,0.097,0.094,0.295,129.8,114.2,111.2,112.3,0.082,88.3,107.5,102.8
95GG06S1,0.161,0.064,0.628,0.099,0.879,0.122,0.091,0.546,177.3,137.7,122.4,123.8,0.068,125.4,152.2,114.7
95GG06S2,0.108,0.06,0.472,0.06,0.803,0.123,0.082,0.456,82.8,130.4,122.6,82.6,0.076,97.4,137.8,116.9
95GG06S3,0.129,0.048,0.369,0.064,0.716,0.089,0.068,0.393,156,110.7,98.7,136,0.05,117,120.8,105.5
95GG07S1,0.085,0.062,0.514,0.076,0.825,0.091,0.089,0.435,193.7,190.6,140,150.5,0.064,148.2,144.3,125.3
95GG07S2,0.169,0.064,0.511,0.088,0.847,0.183,0.081,0.548,218.9,194.1,98.1,141,0.06,141.7,162.1,133.6
95GG07S3,0.067,0.06,0.524,0.026,0.731,0.083,0.084,0.559,192.9,167.5,115.8,118.3,0.053,101.5,148.5,122.8
95GG08S1,0.111,0.037,0.257,0.085,0.57,0.086,0.052,0.311,75.6,89.2,118.1,88.7,0.07,56.4,70.5,97.5
95GG08S2,0.121,0.057,0.499,0.105,0.822,0.153,0.08,0.44,133.9,135.5,83.6,150.1,0.068,91.5,112.8,125.6
95GG08S3,0.118,0.058,0.379,0.066,0.759,0.116,0.087,0.371,120.1,124.8,85.5,96.3,0.079,64.6,102.2,105.1
95GG09S1,0.107,0.03,0.089,0,0.493,0.057,0.035,0.145,38.7,48.5,76,78.6,0.019,45.2,49.2,78.2
95GG09S2,0.112,0.039,0.316,0.011,0.663,0.105,0.052,0.296,79.6,73.1,117.5,102.5,0.042,106.9,78.6,98.8
95GG09S3,0.086,0.056,0.674,0.019,0.777,0.124,0.07,0.415,160.8,121,96.2,171.5,0.016,88.2,123.3,118.6
95GG10S1,0.144,0.073,0.666,0.094,0.893,0.119,0.116,0.451,126.9,132.2,119.4,125.5,0.078,74.2,129.6,118.8
95GG10S2,0.188,0.066,0.469,0.123,0.9,0.139,0.111,0.484,216.6,138.6,126.9,119.8,0.089,99.9,152,118.3
95GG11S1,0.164,0.064,0.737,0.059,0.829,0.099,0.093,0.397,138.7,135.6,107.2,135.9,0.066,121.5,114.7,121.1
95GG11S2,0.124,0.038,0.191,0.053,0.649,0.091,0.04,0.255,89.5,75.2,83.2,88.6,0.009,65.4,72.6,93.5
95GG11S3,0.112,0.074,0.45,0.058,0.793,0.178,0.087,0.341,167.8,119.8,76.2,114.2,0.038,105.5,87.7,110.4
95GG12S1,0.115,0.038,0.011,0.001,NA,0.064,0.057,0.179,118.8,45,68.6,28.7,0.042,37.1,57.1,82.2
95GG12S2,0.042,0.143,0.429,0.166,NA,0,0.224,0.24,117.1,46.2,57,50.5,0.024,77.8,63.5,88.1
95GG12S3,0.059,0.226,0.25,0.042,NA,0.086,0.16,0.209,123.8,52.4,52.2,81.9,0.042,24.3,53.3,84.9
95GG12S4,0.197,0.167,0.602,0.139,NA,0.097,0.156,0.251,163,125.7,110.9,72.1,0.081,32.2,139.3,82.8
95GG12S5,0.196,0.082,0.666,0.081,0.651,0.143,0.105,0.477,162.3,177.8,101.4,144,0.047,150.6,147.1,121.1
95GG13S1,0.141,0.045,0.645,0.088,0.81,0.131,0.089,0.482,84,147.2,141.6,131.2,0.064,87.3,134.1,104.9
95GG13S2,0.102,0.033,0.115,0.017,0.542,0.087,0.043,0.196,122.2,70.1,102.9,139.2,0.04,73.1,74.7,89
95GG13S3,0.089,0.051,0.324,0.057,0.652,0.059,0.074,0.389,143.1,125.8,126.2,100.3,0.011,96.3,110,104.6
95GG14S1,0.063,0.03,0.189,0.039,0.587,0.127,0.05,0.218,78.4,61.1,129.5,94.2,0.014,62.8,78.7,91.2
95GG14S2,0.058,0.032,0.088,0.051,0.504,0.036,0.045,0.153,57.2,53.1,95.4,73.1,0.025,70.2,54.3,76.3
95GG14S3,0.07,0.036,0.186,0.05,0.522,0.1,0.041,0.241,45.5,59.3,88.4,64,0.036,98,66.8,83.3
95GG15S1,0.034,0.039,0.031,0.009,0.431,0.054,0.028,0.123,82.9,46,99.7,133.4,0.036,52.7,72.7,76.5
95GG15S2,0.038,0.043,0.058,0,0.492,0.06,0.033,0.158,83.2,51.1,83.1,91.8,0.043,45.8,74.7,84.7
95GG15S3,0.101,0.054,0.36,0.011,0.678,0.13,0.056,0.293,96.4,87.1,85.1,114.7,0.063,71.7,90.7,97.3
95GG16S1,0.097,0.062,0.542,0.097,0.729,0.164,0.089,0.384,142.1,153.1,125.5,137,0.044,122,121.6,110.4
95GG16S2,0.177,0.047,0.273,0.046,0.569,0.116,0.071,0.272,87.5,119.7,96.4,148.5,0.054,74,106.9,102.6
95GG16S3,0.18,0.041,0.334,0.055,0.623,0.128,0.06,0.28,94.6,97.5,108.3,80.4,0.035,100.2,99.4,97.4
95GG17S1,0.134,0.057,0.44,0.06,0.701,0.123,0.08,0.468,153.9,175.3,100.7,131.1,0.064,120.3,153.9,122
95GG17S2,0.107,0.043,0.146,0.041,0.636,0.12,0.05,0.364,106.3,110.6,107.1,119.1,0.046,128.7,117.2,109.4
95GG17S3,0.117,0.058,0.47,0.077,0.763,0.172,0.08,0.506,115.5,152.2,153.1,155.1,0.067,94.4,153.8,127.2
95GG18S1,0.102,0.064,0.574,0.044,0.74,0.14,0.082,0.574,130,197.7,129.4,147.4,0.049,136.5,155.8,130.5
95GG18S2,0.144,0.065,0.52,0.1,0.769,0.196,0.085,0.529,248.7,217,132.7,138.1,0.071,113.4,180.5,128.2
95GG19S1,0.14,0.073,0.585,0.092,0.875,0.134,0.1,0.672,195.1,180,125.9,160.1,0.052,142.3,169.2,137.4
95GG19S2,0.184,0.074,0.656,0.125,0.869,0.141,0.106,0.659,164,195.8,119.8,162.6,0.064,121.9,189,146.2
95GG20S1,0.14,0.077,0.543,0.111,0.861,0.12,0.112,0.488,223.2,169.8,141.5,168.1,0.063,101.5,135.8,125.8
95GG20S2,0.131,0.063,0.659,0.051,0.834,0.111,0.096,0.551,136.9,168,141.6,160.3,0.048,118.6,145.9,126.8
95GG21S1,0.087,0.063,0.642,0.092,0.812,0.224,0.102,0.661,191.9,199.8,130.8,150.8,0.067,159.5,170.5,148.3
95GG21S2,0.166,0.063,0.673,0.058,0.826,0.206,0.102,0.717,220.7,224.2,151.3,161.1,0.063,133.5,202.6,139.4
95GG21S3,0.121,0.069,0.593,0.086,0.877,0.121,0.099,0.548,317.6,225.5,134.2,169.9,0.055,127.8,163.6,135.7
95GG22S1,0.1,0.049,0.376,0,0.596,0.146,0.09,0.372,101.7,132.9,85.8,102.4,0.04,78.8,109.3,107.1
95GG22S2,0.147,0.041,0.246,0.074,0.577,0.134,0.057,0.399,110.6,143.6,107.1,114.7,0.018,145.8,116.9,117.4
95GG22S3,0.101,0.044,0.257,0.064,0.645,0.13,0.072,0.407,158.8,141.1,115.8,119,0.089,114.7,127.2,117.5
95GG23S1,0.074,0.033,0.178,0.022,0.454,0.041,0.047,0.228,39.6,59,82.4,49.3,0.012,53.1,77.7,81.6
95GG23S2,0.085,0.03,0.093,0.025,0.399,0.066,0.035,0.146,110.5,71,100,40.7,0.029,59.4,60.3,92.4
95GG23S3,0.034,0.032,0.191,0.016,0.568,0.075,0.038,0.207,87.4,64,76,99,0.019,70.9,85.4,88
95GG24S1,0.045,0.041,0.067,0.02,0.575,0.114,0.037,0.303,153,98.6,113.5,174.5,0.055,75.4,99.4,94.2
95GG24S2,0.106,0.054,0.325,0.056,0.705,0.054,0.082,0.424,102.9,116.7,109.5,132.7,0.037,123.8,107.9,110.2
95GG24S3,0.111,0.038,0.152,0.069,0.55,0.114,0.062,0.248,166.5,80.5,140.7,158.7,0.043,70.4,93.2,91.8
95GG25S1,0.18,0.058,0.365,0.03,0.701,0.145,0.066,0.438,158.5,173.1,125.1,120.1,0.039,151.2,145.7,115.7
95GG25S2,0.142,0.05,0.279,0.057,0.628,0.086,0.077,0.414,144.6,152.5,122.7,92,0.041,125.6,143.4,111.4
95GG25S3,0.153,0.059,0.534,0.092,0.742,0.121,0.075,0.489,115.8,158.3,85.6,123.8,0,110,125.9,125.2
95GG26S1,0.194,0.066,0.64,0.11,0.893,0.139,0.108,0.603,176.8,152.4,108.3,166,0.065,117.4,100.4,126
95GG26S2,0.177,0.06,0.539,0.046,0.79,0.138,0.079,0.536,160.8,149.2,104.2,137.5,0.071,115.3,135.9,119.8
95GG27S1,0.107,0.041,0.364,0.042,0.631,0.087,0.065,0.392,108.3,133.1,83.7,97.1,0.016,115.5,119.4,113.8
95GG27S2,0.103,0.054,0.421,0.107,0.72,0.102,0.079,0.563,184.5,188.2,156,253.6,0.02,133.3,169.1,125.6
95GG27S3,0.142,0.055,0.549,0.148,0.75,0.103,0.088,0.478,99.5,178.8,128.7,129.5,0.065,80.8,102.1,128
95GG27S4,0.111,0.062,0.451,0.107,0.754,0.088,0.091,0.547,158.5,183.7,132.3,107.3,0.075,122.6,152.5,145.8
95GG28S1,0.106,0.043,0.46,0.055,0.682,0.094,0.072,0.431,83.4,94,127.1,150,0.021,103.1,112.2,104.8
95GG28S2,0.123,0.048,0.372,0.051,0.765,0.099,0.076,0.445,147.4,134.4,124.3,129.2,0.062,82.4,134.6,116.8
95GG28S3,0.159,0.057,0.486,0.021,0.853,0.076,0.097,0.61,168.3,170.3,138,159.8,0.063,146.3,185.6,129.1
95GG29S1,0.174,0.079,0.515,0.049,0.847,0.156,0.112,0.515,178.8,160.6,135,184.2,0.096,127.8,153,129.5
95GG29S2,0.099,0.066,0.534,0.029,0.746,0.141,0.082,0.331,142.1,113.1,96.7,108,0.062,122.4,93.8,112
95GG30S1,0.104,0.051,0.298,0.029,0.684,0.086,0.086,0.398,195.6,106.3,108.2,143.2,0.031,135.7,108.4,110.1
95GG30S2,0.054,0.032,0.102,0,0.575,0.041,0.037,0.168,53,55,94.2,105,0.058,41.2,78.2,89.3
95GG30S3,0.093,0.029,0.127,0.012,0.631,0.09,0.051,0.292,97.2,70.6,94.3,69.5,0.037,83.8,82.5,90.4
95GG31S1,0.093,0.05,0.247,0.023,0.527,0.07,0.06,0.299,62.2,100.3,92.2,56,0.036,75.6,97.2,103.8
95GG31S2,0.12,0.064,0.34,0.056,0.647,0.136,0.095,0.421,116.9,130,110.7,118.1,0.032,130.7,119.4,117.4
95GG31S3,0.16,0.063,0.645,0.104,0.774,0.139,0.096,0.538,137.7,181.6,110.7,115.7,0.073,117.5,131.7,126.7
95GG32S1,0.099,0.059,0.595,0.068,0.81,0.107,0.081,0.482,150.8,141.4,90.7,146.6,0.051,115.9,173.4,119.2
95GG32S2,0.103,0.06,0.499,0.096,0.71,0.114,0.098,0.47,168.1,149.3,101.4,164.1,0.106,109.7,174.6,120.5
95GG32S3,0.104,0.052,0.303,0.092,0.704,0.08,0.066,0.367,125.3,120,107.7,93.4,0.034,116,133,107.3
95GG33S1,0.099,0.026,0.018,0,0.388,0.048,0.042,0.082,63.6,33.5,108.7,54.5,0.048,61.7,46.5,66
95GG33S2,0.05,0.025,0.002,0,0.43,0.04,0.04,0.078,117.6,37.5,91.9,88,0,56.9,53.2,63.6
95GG33S3,0.069,0.024,0.043,0,0.472,0.104,0.037,0.075,84.4,39.9,85.6,63.9,0.019,32.7,55.4,76.8
95GG34S1,0.095,0.052,0.333,0.047,0.703,0.077,0.071,0.381,172.2,119.3,103.9,112,0.01,115.9,139,105.6
95GG34S2,0.07,0.038,0.167,0.016,0.448,0.08,0.049,0.228,68.9,84.2,73.7,66.3,0.015,63.1,88,91.1
95GG34S3,0.063,0.031,0.167,0.023,0.528,0.076,0.048,0.161,90.4,64,101.2,66.8,0.067,59.8,61.5,82.2
95GG35S1,0.161,0.063,0.706,0.096,0.868,0.187,0.099,0.604,329.2,217.3,206.9,175.5,0.089,147.4,189.2,134.9
95GG35S2,0.125,0.058,0.606,0.099,0.808,0.133,0.09,0.669,205.7,240.4,131.3,158.7,0.094,110.3,179.6,142.5
95GG35S3,0.165,0.062,0.828,0.127,0.861,0.216,0.126,0.616,200.6,212.3,121.5,160.8,0.079,130.8,202.7,137.2
95GG36S1,0.073,0.048,0.324,0.027,0.729,0.053,0.078,0.3,92.1,88.9,126.5,105.7,0.055,91.8,90.9,100.5
95GG36S2,0.101,0.034,0.192,0.02,0.604,0.039,0.052,0.258,82.3,73.2,117.3,96.1,0.04,44.1,77.4,94.1
95GG36S3,0.052,0.043,0.148,0.033,0.649,0.064,0.049,0.263,69.5,74.5,96.7,104.3,0.046,75.2,86.5,99
95GG37S1,0.075,0.032,0.1,0.008,0.493,0.055,0.039,0.104,112.6,52.2,109.5,99.6,0.041,65.7,70.8,81.4
95GG37S2,0.114,0.044,0.219,0.029,0.689,0.057,0.069,0.213,98.1,68.6,85.7,131,0.062,77.6,82.5,92.6
95GG37S3,0.149,0.052,0.387,0.031,0.694,0.106,0.085,0.19,55.3,82.9,97.8,110.8,0.043,111.1,96,93.8
95GG38S1,0.076,0.031,0.061,0.009,0.468,0.085,0.039,0.121,84.8,57.7,81,52.3,0.024,59.4,58.9,82.2
95GG38S2,0.117,0.036,0.149,0.075,0.643,0.138,0.038,0.182,86.5,88.9,124.1,105.5,0.035,99.7,81.8,98
95GG38S3,0.085,0.029,0.043,0.001,0.438,0.073,0.04,0.137,74.9,50.9,110.3,74.5,0.046,47.2,54,79.7
95GG39S1,0.101,0.067,0.556,0.051,0.87,0.116,0.094,0.388,160.4,174.6,95.8,160.3,0.05,154.4,125.8,121.4
95GG39S2,0.174,0.068,0.469,0.056,0.841,0.109,0.108,0.43,224.2,170.4,102.1,135.5,0.046,136.2,131.8,127.8
95GG39S3,0.176,0.077,0.726,0.034,0.935,0.164,0.091,0.481,251.8,177.8,126.9,119.3,0.03,121.5,131.1,126.4
95GG40S1,0.185,0.083,0.701,0.064,0.897,0.111,0.102,0.651,202.4,203.8,122.4,182.5,0.056,115.9,189.1,140.5
95GG40S2,0.199,0.082,0.688,0.084,0.888,0.187,0.102,0.616,226,187.1,131.8,203.8,0.091,104.6,173.2,138
95GG41S1,0.074,0.024,0.068,0,0.383,0.027,0.023,0.114,45,40.3,78.9,52.6,0.045,68.2,47.5,78.7
95GG41S2,0.049,0.033,0.089,0,0.422,0.031,0.029,0.096,62.2,31.4,86.3,119.1,0.037,38,53.9,66.9
95GG41S3,0.06,0.029,0.171,0,0.607,0.025,0.046,0.164,111.1,59.5,104.3,101,0.02,37.6,62.9,83.6
95GG42S1,0.069,0.024,0.056,0,0.371,0.055,0.04,0.085,52.9,28.8,107.5,64.3,0.021,29.3,44.5,74.5
95GG42S2,0.059,0.024,0.013,0.04,NA,0.07,0.042,0.109,36.5,28.4,84.9,60.2,0.043,26.6,41.3,76.5
95GG42S3,0.062,0.025,0.002,0,0.288,0.063,0.038,0.083,63.9,21.9,100,56.3,0.066,39,39.7,73.5
95GG42S4,0.081,0.025,0.028,0.011,0.442,0.071,0.04,0.087,69.9,32.4,74.4,41.8,0.041,53.3,44.9,74
95GG43S1,0.12,0.058,0.583,0.055,0.787,0.072,0.074,0.432,142.7,123.4,90.9,171.7,0.069,115,128.9,121.8
95GG43S2,0.083,0.04,0.477,0.012,0.7,0.096,0.081,0.363,103.1,84.7,107,98.5,0.039,96.4,95.8,99.7
95GG43S3,0.113,0.059,0.348,0.016,0.784,0.064,0.096,0.355,122.5,102.7,93.2,109.9,0.037,89.4,108.7,105.6
95GG44S1,0.149,0.079,0.644,0.035,0.927,0.15,0.13,0.506,178.6,157,100.8,154.5,0.071,113.5,140.7,132.9
95GG44S2,0.115,0.083,0.615,0.048,0.936,0.18,0.12,0.491,180.3,159.4,124.9,153.5,0.06,133,133.1,122.5
95GG45S1,0.056,0.027,0.046,0,0.367,0.071,0.036,0.144,22.6,34.3,96.4,66.8,0.042,83.4,61.9,74.9
95GG45S2,0.12,0.071,0.562,0.082,0.868,0.163,0.095,0.532,141.3,157.1,133.7,153.3,0.08,94.1,150.8,129.7
95GG45S3,0.089,0.043,0.104,0.014,0.503,0.059,0.063,0.264,116.4,80.7,84.6,80,0.067,60.7,92.7,94.5
95GG46S1,0.15,0.066,0.578,0.081,0.772,0.196,0.075,0.614,178.7,215.6,158,177.8,0.061,176.9,165.9,133.5
95GG46S2,0.149,0.06,0.578,0.075,0.764,0.174,0.077,0.595,236.1,195,128.8,140.3,0.049,124.1,178.7,135.4
95GG46S3,0.131,0.058,0.661,0.095,0.835,0.224,0.097,0.67,209.5,221.6,139.3,127.2,0.069,141.2,174.4,136.7
95GG47S1,0.172,0.074,0.666,0.09,0.853,0.104,0.108,0.525,280.5,225.9,145.9,183.5,0.062,140.9,157.3,136.4
95GG47S2,0.116,0.073,0.532,0.054,0.783,0.111,0.095,0.574,261.2,251.2,154.8,167.3,0.058,161.5,180.5,124.4
95GG47S3,0.146,0.05,0.525,0.052,0.842,0.149,0.087,0.422,204.3,178.1,118,141.4,0.056,120,128.6,121.6
95GG48S1,0.074,0.057,0.391,0.047,0.76,0.174,0.08,0.597,201.9,180.4,120.2,245.1,0.057,123.5,167,128.6
95GG48S2,0.198,0.081,0.687,0.057,0.823,0.177,0.099,0.709,214.1,250.5,87.9,136.8,0.065,160.2,272.5,152
95GG48S3,0.096,0.058,0.75,0.065,0.786,0.168,0.078,0.698,326,248,168.9,193.1,0.103,123.9,227,142
95GG49S1,0.032,0.035,0.097,0.015,0.441,0.046,0.052,0.12,87.3,63.2,124.9,132.5,0.029,33.6,76.1,72.9
95GG49S2,0.115,0.042,0.231,0.037,NA,0.01,0.057,0.131,103.1,55.2,95.9,67.5,0.06,65.3,71.2,86.1
95GG49S3,0.039,0.065,0.531,0.071,NA,0.101,0.086,0.213,147.9,77.9,118.3,68.1,0.054,82.2,105.4,82.7
95GG49S4,0.107,0.068,0.698,0.119,0.521,0.062,0.049,0.224,89.5,77.8,111.5,70.1,0.081,120.1,93.4,96.7
95GG50S1,0.117,0.078,0.412,0.046,0.839,0.103,0.106,0.426,200.2,117.6,99.5,131.7,0.099,104.2,126.9,117.1
95GG50S2,0.117,0.071,0.625,0.051,0.882,0.115,0.098,0.495,191.4,156,79.8,105.3,0.061,133.4,155.4,127.4
95GG50S3,0.16,0.077,0.695,0.032,0.873,0.144,0.109,0.438,205.3,134.5,84.8,136.5,0.079,112.9,119.9,120.8
95GG51S1,0.145,0.072,0.73,0.052,0.912,0.186,0.115,0.6,240.1,171.9,126,141.7,0.072,135.7,152.1,132.1
95GG51S2,0.165,0.074,0.749,0.1,0.89,0.162,0.108,0.6,170.1,180.9,124.1,140.9,0.078,90.7,131.3,134.6
95GG51S3,0.104,0.084,0.74,0.05,0.904,0.143,0.084,0.634,194.1,162.3,110.8,218.8,0.096,78,144.5,139.2
95HH01W1,0.055,0.045,0.353,0.062,0.59,0.089,0.083,0.264,104.4,73.5,111.2,68,0.011,63.7,79.5,95.2
95HH02S1,0.104,0.044,0.335,0.043,0.487,0.091,0.072,0.283,71.7,68.5,101.2,96.1,0.065,54.9,80.1,97.9
95HH02S2,0.063,0.033,0.186,0.015,0.58,0.044,0.051,0.243,56.8,59.3,101.3,48,0.029,49.3,77.9,93.7
95HH03W1,0.034,0.033,0.386,0.042,0.656,0.07,0.059,0.239,31.9,70.4,75.9,84.2,0.059,42.3,75.8,99.7
95HH04S1,0.029,0.036,0.214,0.047,0.658,0.049,0.049,0.271,114.5,73.8,108.1,67.3,0.016,88.9,95.8,100.5
95HH04S2,0.062,0.035,0.193,0.034,0.543,0.086,0.04,0.239,59.2,70.1,102.6,74.9,0,77,88.8,98.2
95HH05W1,0.078,0.054,0.501,0.06,0.776,0.052,0.095,0.492,211.7,125.1,130.4,132.1,0.049,116.5,128.6,121
95HH06S1,0.051,0.033,0.308,0.033,0.652,0.074,0.06,0.268,78.2,59.2,80.6,79,0.028,67.2,92.6,89.1
95HH06S2,0.088,0.042,0.274,0.065,0.606,0.08,0.062,0.329,73.8,85.2,104.3,102.5,0.014,104.6,108.6,101.5
95HH07W1,0.09,0.047,0.334,0.06,0.8,0.115,0.113,0.441,208.1,114.9,128.2,119.2,0.058,73.3,136.4,116.6
95HH08W1,0.113,0.039,0.287,0.03,0.588,0.069,0.07,0.242,63.6,70.6,84.1,100.8,0.021,48.5,85.9,92.3
95HH09W1,0.085,0.053,0.619,0.061,0.769,0.139,0.093,0.367,89.1,119.3,103,117.2,0.051,113.3,107.1,114.7
95HH10W1,0.078,0.028,0.122,0.019,0.532,0.041,0.043,0.171,51,49.9,128.1,127.3,0.045,51.9,86.6,86
95HH11W1,0.113,0.058,0.693,0.082,0.766,0.088,0.11,0.512,171.7,128.8,109.6,162.8,0.062,110.6,113.3,121.2
95HH12W1,0.096,0.058,0.324,0.123,0.67,0.118,0.08,0.373,101.8,88.1,96.9,76.9,0.013,88.1,109.4,108.3
95HH13W1,0.11,0.06,0.745,0.117,0.899,0.128,0.108,0.562,158.7,142.8,132.1,119.7,0.045,120.5,168.7,136.5
95HH14W1,0.078,0.073,0.407,0.043,0.783,0.107,0.116,0.476,94.6,131.1,82.2,98.1,0.082,75.2,125.9,126
95HH15W1,0.059,0.05,0.353,0.062,0.681,0.074,0.073,0.287,149.6,90.4,112.8,140.4,0.013,83.4,106.5,108.2
95HH16W1,0.054,0.037,0.251,0.042,0.535,0.057,0.054,0.226,49.3,61.7,108.1,83.5,0.035,51.5,65.3,86.6
95HH17W1,0.062,0.046,0.285,0.054,0.566,0.06,0.066,0.294,61.8,69.1,105.9,90.2,0.029,71.9,92.4,88.4
95II01S1,0.058,0.042,0.109,0.029,0.586,0.085,0.054,0.242,64,67,77.7,106,0.018,81.5,74.2,84.5
95II01S2,0.072,0.036,0.014,0.014,0.474,0.027,0.035,0.192,60.6,53.2,68.4,76.8,0.092,80.6,68.4,81.3
95II02S1,0.069,0.022,0.189,0.007,0.473,0.079,0.04,0.158,68.9,53.3,81.6,63,0.033,59.4,49.1,82.5
95II02S2,0.115,0.043,0.168,0.015,0.545,0.076,0.042,0.228,89.3,81.4,130.1,119.4,0.049,75.7,79.3,97.1
95II02S3,0.092,0.048,0.209,0.016,0.563,0.059,0.053,0.296,155.2,107.1,87.7,101.5,0.044,50.4,102.9,113
95II03S1,0.073,0.027,0.178,0.006,0.447,0.06,0.037,0.168,53,46.9,108,80.7,0,66.3,60.1,79.5
95II03S2,0.134,0.032,0.39,0.025,0.535,0.136,0.038,0.195,55.1,50.1,105.5,70,0.044,86,63.2,83.7
95II04S1,0.099,0.038,0.228,0.006,0.592,0.059,0.048,0.263,83.9,60.3,87.8,89.8,0.04,64.9,72.9,92.5
95II04S2,0.093,0.056,0.491,0.017,0.792,0.098,0.062,0.443,116.8,102.8,117.2,109.1,0.054,105.9,110.9,113.8
95II05S1,0.069,0.031,0.139,0.008,0.465,0.078,0.051,0.163,97.3,54,88.1,67.4,0.014,51.5,74.5,84.5
95II05S2,0.095,0.036,0.181,0.02,0.472,0.096,0.054,0.244,73.9,86.7,81.2,94.1,0.038,67.3,87,95.4
95II06S1,0.054,0.024,0.115,0.015,0.461,0.068,0.036,0.165,53.7,49.4,95.9,74.6,0,59.5,68.3,86.8
95II06S2,0.075,0.034,0.168,0.019,0.516,0.078,0.055,0.212,34.6,52.6,80.9,82.4,0.023,60.4,57.8,91.6
95II07W1,0.191,0.054,0.566,0.044,0.867,0.136,0.089,0.471,127.7,129.6,138.1,135,0.106,137.1,118,120.4
95II08W1,0.071,0.04,0.274,0.036,0.76,0.098,0.056,0.318,103.2,84.3,99.8,96.5,0.012,58.1,89.8,101.9
95II09S1,0.05,0.042,0.191,0.01,0.611,0.085,0.044,0.223,121.1,67.5,105.1,92.3,0.034,89.6,75,88.5
95II09S2,0.052,0.047,0.198,0.022,0.645,0.066,0.047,0.303,109.6,75.6,113.4,74.9,0.052,111,98.4,95.1
95II10W1,0.129,0.061,0.46,0.039,0.812,0.1,0.089,0.471,119.9,129.2,102.1,141,0.061,125.7,111.3,123.3
95II11W1,0.099,0.033,0.129,0.031,0.463,0.075,0.038,0.161,60.7,55.1,79.8,71.6,0.044,57.2,67,83.3
95II12W1,0.088,0.035,0.096,0.007,0.536,0.089,0.039,0.17,64.4,51.3,98.3,77.1,0.02,80.3,76.8,85.8
95II13W1,0.133,0.056,0.441,0.037,0.795,0.152,0.07,0.404,89.3,109.8,112.2,157.9,0.033,101.8,107,113.6
95II14W1,0.066,0.029,0.052,0.02,0.525,0.046,0.039,0.176,46.6,48.1,101.1,84.4,0.036,76,66.2,80.3
95II15S1,0.102,0.033,0.004,0,0.506,0.05,0.04,0.167,77.4,42.8,81.1,65.7,0.006,52.8,51.7,79.6
95II15S2,0.052,0.029,0.159,0.033,0.463,0.035,0.049,0.158,71.8,46.5,95.9,68.9,0.031,76.5,58.7,85.5
95II16W1,0.133,0.052,0.345,0.033,0.803,0.161,0.061,0.413,65.6,98.9,95.8,96.8,0.053,92.3,102.9,104.4
95II17W1,0.109,0.05,0.198,0.038,0.653,0.082,0.06,0.33,71.3,92.1,101.8,111.5,0.066,106.7,97.1,101.7
95II18W1,0.156,0.068,0.445,0.053,0.805,0.161,0.101,0.395,150.2,132.8,133.9,111.9,0.093,139.4,111,115.4
95II19S1,0.077,0.024,0.132,0.006,0.496,0.062,0.048,0.195,66,52.8,61.1,67.6,0,58.2,53.5,76.1
95II19S2,0.15,0.035,0.208,0,0.509,0.09,0.052,0.278,84.3,71.8,95.3,89,0.02,96.8,93,99.5
95II20W1,0.085,0.038,0.268,0.008,0.54,0.096,0.048,0.196,70.3,68.3,95.1,92.8,0.011,67.9,76.3,89.1
95II21W1,0.119,0.064,0.637,0.029,0.842,0.147,0.083,0.501,133,127.8,113.5,126.7,0.041,153,136.2,123.2
95II22W1,0.057,0.043,0.298,0.025,0.669,0.082,0.063,0.327,90.4,84,80.5,102.3,0.074,76.2,102.6,100.7
95II23W1,0.092,0.038,0.192,0.001,0.583,0.089,0.059,0.215,61.9,69.5,96.3,86,0.024,84,82.3,91.5
95JJ01W1,0.074,0.029,0.302,0.012,0.599,0.088,0.045,0.337,63,64.4,91.6,72,0.056,90.1,66.8,90.4
95JJ02W1,0.098,0.055,0.4,0.044,0.536,0.136,0.095,0.279,100.1,86.5,90,87.2,0.038,123.2,85.6,92.4
95JJ03S1,0.125,0.043,0.619,0.092,0.81,0.14,0.068,0.576,140.3,160.8,95.9,142.5,0.055,140,125.6,130.4
95JJ03S2,0.123,0.037,0.715,0.059,0.753,0.149,0.086,0.505,195.8,129.7,99.8,196.3,0.011,79.4,131.9,118
95JJ04S1,0.096,0.043,0.407,0.038,0.662,0.094,0.061,0.411,107.5,74.8,75.8,57.9,0.068,78.7,64.9,89.1
95JJ04S2,0.109,0.053,0.229,0.054,0.622,0.079,0.065,0.279,41.9,67.6,86.7,70.1,0.039,115.4,74.4,95.2
95JJ05W1,0.113,0.061,0.583,0.106,NA,0.061,0.098,0.47,128.3,133.7,87.4,100.3,0.112,91.8,93.6,111.9
95JJ06W1,0.075,0.049,0.551,0.066,0.748,0.073,0.092,0.51,183.1,143.7,117.9,80.2,0.059,83,105.2,114.8
95JJ07W1,0.095,0.042,0.611,0.091,0.776,0.094,0.077,0.543,182.1,137.7,101.8,133.4,0.038,115.6,111.1,119.8
95JJ08S1,0.065,0.037,0.556,0.06,0.63,0.054,0.068,0.365,135.3,95.7,119.7,92.5,0.058,38.6,80,93.1
95JJ08S2,0.047,0.042,0.178,0.028,0.529,0.054,0.055,0.201,90.3,43.2,95.7,52.2,0.031,57.6,67,85.2
95JJ09W1,0.11,0.034,0.411,0.021,0.536,0.058,0.039,0.306,47.3,58.4,75.6,67.5,0.015,94.2,89.3,81.8
95JJ10W1,0.092,0.033,0.319,0.072,0.646,0.094,0.051,0.427,59.9,86.9,82.2,86.2,0.032,99.6,91.9,92.1
95JJ11S1,0.039,0.042,0.342,0.019,0.635,0.067,0.059,0.28,84.7,69.5,121.5,104.7,0.062,70.9,93.3,91
95JJ11S2,0.082,0.041,0.342,0.026,0.549,0.075,0.067,0.252,78.1,60.7,86.3,67.2,0.032,59.8,86.2,88.5
95JJ12W1,0.073,0.04,0.256,0.034,0.65,0.084,0.052,0.369,103.1,95.9,100.6,68.2,0.036,99.3,103.9,89.5
95JJ13S1,0.1,0.037,0.358,0.039,0.581,0.077,0.06,0.3,62.8,68.3,88.9,83.7,0.068,82.6,75.3,89.1
95JJ13S2,0.071,0.045,0.264,0.045,0.521,0.05,0.054,0.275,52.4,64.9,88.5,51,0.053,58.9,68.8,88.3
95JJ14W1,0.087,0.032,0.34,0.024,0.591,0.078,0.054,0.386,103.1,77.5,95.4,96.9,0.051,68.7,72.7,90.2
95JJ15W1,0.083,0.055,0.413,0.025,0.643,0.08,0.071,0.253,66.9,81.7,86.1,102,0.067,104.8,65.3,89.5
95JJ16W1,0.034,0.057,0.523,0.033,0.457,0.089,0.064,0.318,130.3,103.2,82.1,80.2,0.063,63.3,99.5,97.9
95JJ17W1,0.064,0.038,0.338,0.017,0.553,0.079,0.056,0.362,30.5,79.1,106.7,73.5,0.02,91.1,83.3,90
95JJ18W1,0.086,0.051,0.361,0.032,0.634,0.093,0.068,0.352,156,103.9,117.8,79,0.049,65.1,97.4,93.8
95JJ19S1,0.079,0.038,0.133,0.013,0.471,0.07,0.035,0.162,57.1,37.3,68.7,75.3,0,40.8,53.1,83.2
95JJ19S2,0.118,0.033,0.134,0,NA,0.032,0.051,0.177,66.3,69.6,101.3,96,0.073,118.8,65.8,77.8
95JJ20S1,0.081,0.036,0.329,0.072,0.64,0.075,0.055,0.281,53.8,67.6,91,62.1,0.049,65.1,67.7,87.1
95JJ20S2,0.061,0.044,0.475,0.026,0.626,0.123,0.065,0.373,90.8,85.9,86.2,75.2,0.053,76.6,77.1,96.5
95JJ21W1,0.09,0.041,0.548,0.057,0.877,0.074,0.074,0.428,97.1,103,94.1,103.1,0.056,101.5,95.7,108.5
95JJ22W1,0.071,0.036,0.3,0.015,0.451,0.098,0.042,0.22,55.1,54.5,82,61.6,0.032,85.2,64.6,86.7
95KK01W1,0.087,0.045,0.52,0.042,0.63,0.073,0.067,0.477,72.6,146.7,111.1,92,0.039,87.8,112.1,110.8
95KK02W1,0.082,0.035,0.351,0.029,0.652,0.08,0.06,0.413,86.2,113.6,79.2,132.4,0.042,97.5,113,109.8
95KK03W1,0.057,0.041,0.313,0.029,0.541,0.028,0.049,0.46,63.8,104.3,89.2,84.9,0.02,59.4,107.6,97.1
95KK04W1,0.085,0.042,0.393,0.069,0.681,0.077,0.067,0.429,122.2,122.8,116.1,91.2,0.087,66.1,119.6,108.1
95KK05W1,0.095,0.047,0.44,0.064,0.614,0.079,0.064,0.42,69.8,112.5,77.9,83.1,0.032,81.6,97.3,98.4
95KK06W1,0.126,0.049,0.519,0.038,0.702,0.092,0.078,0.471,109.8,132.7,136.1,108.3,0.014,118.7,143,112.8
95KK07W1,0.091,0.038,0.36,0.048,0.556,0.055,0.053,0.388,59.3,91.3,88.8,70.2,0.017,67,120,92.3
95KK08W1,0.1,0.039,0.492,0.022,0.647,0.058,0.053,0.414,72.8,95.8,103,107.7,0.027,78.8,132.2,99.8
95KK09W1,0.057,0.052,0.394,0.027,0.688,0.083,0.091,0.418,57,120.5,101.1,101.3,0.06,77,98.8,106.3
95KK10W1,0.124,0.034,0.273,0.024,0.584,0.065,0.056,0.4,82.1,82.3,86.9,94.6,0.049,83.4,88.6,89.1
95KK11W1,0.081,0.043,0.377,0.057,0.703,0.04,0.067,0.426,105.3,124.4,117,94.1,0.064,70.6,153.9,113.1
95KK12W1,0.142,0.039,0.355,0.031,0.612,0.119,0.066,0.441,94.6,124.1,101,88.5,0.052,104.3,121,94.3
95KK13W1,0.058,0.04,0.309,0.01,0.683,0.038,0.053,0.396,119.4,93.8,80.7,75.5,0.043,52.9,98.3,91.4
95KK14W1,0.086,0.032,0.403,0.055,0.633,0.062,0.06,0.421,90.7,121.9,84.4,62,0.026,119.5,99.3,107.6
95KK15W1,0.078,0.059,0.373,0.019,0.516,0.103,0.048,0.385,54.4,93.3,94.8,81.1,0.019,69.8,96.6,90.2
95KK16W1,0.094,0.051,0.278,0.06,0.573,0.056,0.062,0.399,93.8,104.1,86.3,132.9,0.029,87.6,101.2,102.5
95LL01S1,0.092,0.035,0.255,0.043,0.592,0.08,0.058,0.32,65.7,80.8,91.1,53.1,0.021,86.7,110.1,100.8
95LL01S2,0.058,0.035,0.254,0.007,0.627,0.049,0.054,0.303,104.4,79.9,74,100.7,0.015,86.7,93.6,90.1
95LL02S1,0.054,0.05,0.26,0,0.563,0.076,0.065,0.296,109.8,82.1,88.3,66.2,0.088,125.3,115,97.5
95LL02S2,0.059,0.059,0.629,0.033,0.907,0.035,0.097,0.437,156.4,120.7,86.2,115,0.073,99.7,119.5,110.9
95LL03W1,0.1,0.064,0.621,0.014,0.805,0.087,0.103,0.481,165.5,122.6,86.1,110,0.05,121.1,143.1,116.6
95LL04W1,0.09,0.05,0.262,0.021,0.646,0.076,0.069,0.426,90.8,116,107.2,112.3,0.052,118.6,118.2,105.4
95LL05S1,0.073,0.034,0.167,0.024,0.539,0.057,0.049,0.24,35.1,51.7,88.3,75.6,0.03,83.8,75.8,80.4
95LL05S2,0.078,0.041,0.269,0.023,0.553,0.055,0.061,0.341,46.1,97.9,106.2,108.8,0.031,106.9,108.3,94.8
95LL06S1,0.093,0.052,0.289,0.008,0.706,0.083,0.083,0.387,82.9,82.4,110.7,60,0.03,98.6,111.1,94.8
95LL06S2,0.084,0.055,0.323,0,0.684,0.071,0.079,0.435,136,101.3,122.3,103.6,0.05,134.1,122.8,103.3
95LL07W1,0.163,0.071,0.63,0.018,0.837,0.203,0.114,0.506,160,125,124.5,86.7,0.032,156.7,161.9,117.4
95LL08S1,0.093,0.066,0.442,0.025,0.774,0.135,0.086,0.494,128,139.2,136.3,133.4,0.035,127.7,134.3,111.1
95LL08S2,0.082,0.073,0.612,0.037,0.868,0.092,0.079,0.526,175.1,122.8,90.8,84.9,0.071,109.6,135.4,112.6
95LL09S1,0.122,0.071,0.5,0.023,0.778,0.112,0.103,0.588,150.2,184.2,123.8,129.8,0.069,139.2,152.2,120.4
95LL09S2,0.071,0.059,0.587,0.044,0.691,0.153,0.098,0.491,124.4,142.3,94.4,121.8,0.017,169.3,165.7,120.9
95LL10S1,0.062,0.032,0.274,0.025,0.573,0.087,0.047,0.323,64.9,91.9,94.1,92.9,0.057,80.4,120,96.3
95LL10S2,0.074,0.032,0.315,0.013,0.611,0.114,0.055,0.337,31,88.2,88.6,102,0.038,104.8,110.9,94.4
95LL11S1,0.06,0.034,0.357,0.033,0.69,0.095,0.052,0.315,107.4,80,122.9,106.4,0.054,83.4,103.4,94.8
95LL11S2,0.044,0.036,0.309,0.019,0.599,0.049,0.05,0.247,73.5,57,77.4,68.3,0.029,109,82,81.5
95LL12S1,0.106,0.05,0.515,0.068,0.747,0.121,0.081,0.483,118.7,143.9,95.3,109.8,0.048,159.8,144.2,116.8
95LL12S2,0.14,0.064,0.706,0.039,0.853,0.173,0.1,0.621,111.7,202.5,104.7,121.1,0.079,185.8,198.3,142.5
95LL13S1,0.092,0.057,0.541,0.041,0.736,0.1,0.077,0.41,61.8,124.5,125.7,107.1,0.037,120.6,125.8,110
95LL13S2,0.097,0.078,0.695,0.051,0.753,0.191,0.101,0.52,270.4,170.5,122.4,141.7,0.07,150,159.4,128.5
95LL14S1,0.102,0.064,0.459,0.066,0.8,0.092,0.108,0.614,218.3,210.5,189,151,0.039,167.2,217.8,136.4
95LL14S2,0.138,0.037,0.261,0.042,0.679,0.075,0.079,0.449,164.7,128.7,131.6,95.9,0.085,104.9,140.1,118.5
95LL15S1,0.074,0.045,0.238,0.037,0.602,0.068,0.084,0.326,105.9,99,125,89.5,0.023,98.1,117.8,104.8
95LL15S2,0.055,0.047,0.3,0,0.654,0.168,0.072,0.336,106,96.2,110.3,93.4,0.051,89.4,107,107.4
95LL16S1,0.056,0.039,0.266,0.028,0.522,0.055,0.056,0.233,50.2,71.6,104.3,86.7,0.025,72.3,95.7,91.2
95LL16S2,0.06,0.049,0.493,0.01,0.709,0.063,0.064,0.311,89.7,82.1,85.2,64.4,0.028,86.2,108.7,92.6
95LL17W1,0.074,0.052,0.299,0.008,0.657,0.078,0.065,0.346,98.9,96.9,105.5,91.3,0.06,125,132.2,97.7
95LL18S1,0.059,0.044,0.518,0,0.632,0.146,0.087,0.285,60.8,80.2,96.6,74.8,0.051,95.5,112.2,89.3
95LL18S2,0.095,0.041,0.271,0.013,0.626,0.065,0.069,0.3,34.9,72.9,112.6,64.6,0.057,78.3,112,96.3
95LL19S1,0.076,0.036,0.313,0.008,0.614,0.082,0.054,0.279,60.8,76.9,77.7,92.4,0.069,72,111.8,93.2
95LL19S2,0.051,0.036,0.218,0,0.556,0.087,0.059,0.301,80.2,66.9,120.9,60.8,0.037,82.3,92.4,93.2
95LL20W1,0.107,0.05,0.491,0.033,0.74,0.135,0.078,0.504,109.5,133.1,95.5,108.9,0.053,159.2,147.1,112
95LL21W1,0.083,0.048,0.445,0.016,0.665,0.061,0.068,0.368,126.1,106.2,99.7,91.8,0.049,102.2,114,99.4
95LL22W1,0.1,0.051,0.469,0.039,0.732,0.067,0.073,0.422,160.7,134.9,118,82.9,0.041,114.4,125.5,107
95LL23W1,0.156,0.051,0.606,0.03,0.782,0.117,0.095,0.507,159.2,118.7,116.4,100.1,0.072,140.9,137.2,112.6
95LL24S1,0.063,0.045,0.285,0.008,0.592,0.076,0.063,0.309,51.9,65.6,93.2,75,0.036,136.7,105.5,87.1
95LL24S2,0.077,0.039,0.348,0.055,0.545,0.057,0.059,0.382,70.4,87.7,104.5,88.5,0.039,95.3,107.7,93.9
95LL25S1,0.089,0.032,0.201,0.007,0.555,0.103,0.054,0.254,98,68.6,91,73.3,0.03,99.5,99.4,86
95LL25S2,0.082,0.029,0.164,0.021,0.464,0.066,0.046,0.241,52.7,58.6,106.3,93,0.05,76.4,99.6,87.8
95LL26S1,0.134,0.071,0.75,0.048,0.783,0.102,0.118,0.503,150.9,177.8,104.8,123.5,0.076,97.4,143.2,121.2
95LL26S2,0.079,0.034,0.113,0,0.52,0.061,0.056,0.269,60.3,75.4,89.8,56.5,0.023,93.2,97.7,92.3
95MM01S1,0.079,0.052,0.634,0.04,0.815,0.158,0.088,0.566,147.8,147.3,74.2,143.1,0.06,137.5,153.1,113
95MM01S2,0.088,0.052,0.21,0.042,0.597,0.067,0.051,0.265,113.8,71.4,120.9,110.8,0.052,67.8,100.3,91.7
95MM01S3,0.122,0.039,0.253,0.029,0.595,0.084,0.061,0.371,45,91,95.5,113,0.018,68.2,118.2,96.6
95MM02S1,0.072,0.044,0.231,0.023,0.456,0.098,0.042,0.257,94.1,84.3,102.9,112.4,0.048,92.6,94.9,92.6
95MM02S2,0.063,0.039,0.038,0,0.353,0.086,0.042,0.162,55.9,59.2,111,51.1,0.065,68.1,77.8,78.7
95MM03W1,0.124,0.034,0.267,0.013,0.59,0.099,0.054,0.41,108.8,95.5,92.5,76.5,0.03,85.7,107.7,89.7
95MM04W1,0.09,0.055,0.385,0.06,0.568,0.097,0.081,0.47,149.2,158.5,110.2,101.2,0.062,82,146.3,119
95MM05W1,0.09,0.063,0.514,0.066,0.675,0.09,0.104,0.586,277.4,210.2,121.8,183.9,0.028,77.1,158.3,138.2
95MM06S1,0.104,0.06,0.245,0.018,0.583,0.095,0.074,0.495,181.4,155.9,127.3,152.2,0.051,145.2,140.2,114.9
95MM06S2,0.065,0.054,0.503,0.086,0.678,0.17,0.082,0.585,115.5,169.3,119.5,182.8,0.057,136.6,147.1,121.5
95MM07W1,0.099,0.057,0.495,0.028,0.714,0.15,0.08,0.433,129.6,124.2,91.5,97.7,0.09,90.8,119.3,110.8
95MM08S1,0.121,0.063,0.5,0.026,0.681,0.099,0.079,0.496,194.4,193.6,114.4,162.9,0.073,133.2,164.1,121
95MM08S2,0.119,0.038,0.265,0.031,0.566,0.117,0.057,0.304,104.1,95.8,100.2,97.7,0.029,73.7,119.4,97.1
95MM09S1,0.129,0.04,0.226,0.009,0.63,0.07,0.059,0.429,40.1,110.2,108.9,132.9,0.073,98.9,122.1,90.6
95MM09S2,0.105,0.039,0.266,0.014,0.609,0.071,0.047,0.404,64.2,101.3,75.4,93.4,0.02,82.5,93.3,93
95MM10S1,0.131,0.072,0.605,0.074,0.775,0.117,0.108,0.66,250.9,205.1,130.8,122.4,0.067,159.1,245.3,134.2
95MM10S2,0.105,0.065,0.474,0.115,0.597,0.049,0.093,0.558,143.5,183.4,188.8,149,0.054,121.9,182.7,128
95MM11W1,0.107,0.067,0.534,0.07,0.711,0.126,0.106,0.642,293.5,210.2,129,144.7,0.044,142.7,180.2,132
95MM12S1,0.092,0.055,0.312,0.03,0.582,0.084,0.067,0.385,143,129.9,83.2,86.7,0.044,89,110.1,107.4
95MM12S2,0.116,0.075,0.513,0.033,0.743,0.151,0.117,0.663,369.8,236.6,91.5,248.7,0.039,134.7,208.7,145.1
95MM12S3,0.098,0.063,0.298,0.024,0.571,0.105,0.091,0.466,192.8,156.3,115.3,139.1,0.044,86.4,154.6,122.6
95MM13S1,0.051,0.048,0.191,0.046,0.424,0.047,0.045,0.223,70.4,88.1,105,84.4,0.027,108.8,90.9,96.9
95MM13S2,0.106,0.08,0.615,0.019,0.753,0.113,0.08,0.636,230.3,201.4,158.6,152.2,0.085,140.1,211,142.7
95MM13S3,0.104,0.069,0.482,0.06,0.685,0.102,0.088,0.524,124.2,183,94.6,116.1,0.058,109.7,154.7,117.6
95MM13S4,0.085,0.095,0.243,0.027,0.578,0.085,0.054,0.399,102,140,94.5,83.3,0.075,105,139.7,116.6
95MM13S5,0.056,0.046,0.061,0.006,0.476,0.061,0.042,0.217,42.3,64.7,74.2,115.5,0.018,77.8,95.2,84.4
95MM14S1,0.105,0.043,0.07,0.001,0.598,0.123,0.065,0.333,141.1,93.2,99.3,80.3,0.071,82.8,89.1,103.3
95MM14S2,0.077,0.057,0.468,0.067,0.806,0.11,0.087,0.455,152.3,156.6,90.2,140.3,0.083,102,125,115.7
95MM15S1,0.056,0.04,0.206,0.018,0.461,0.07,0.055,0.303,83.5,93.1,83.8,102.1,0.012,97.6,101.8,97.2
95MM15S2,0.085,0.037,0.187,0.004,0.571,0.09,0.054,0.279,82.5,83.7,108.4,80,0.045,71.5,90.1,91.9
95MM16S1,0.108,0.048,0.388,0.029,0.662,0.109,0.063,0.456,168,134.3,124.1,99.3,0.025,89.4,153.7,108.6
95MM16S2,0.066,0.041,0.206,0.013,0.554,0.051,0.049,0.265,70.3,76.8,85.5,75.8,0.039,77.7,88.8,89.2
95MM17S1,0.053,0.043,0.185,0.017,0.479,0.062,0.051,0.289,33.7,85.8,83.9,71,0.054,102.5,88.6,94.4
95MM17S2,0.041,0.057,0.3,0.06,0.636,0.074,0.078,0.396,96,136.5,125.8,118.9,0.048,105.6,125,115.8
95MM18S1,0.085,0.034,0.307,0.025,0.604,0.069,0.051,0.433,90.2,95.9,81.8,70.1,0.035,56.9,108.8,95.6
95MM18S2,0.082,0.044,0.287,0.011,0.613,0.073,0.048,0.334,86.5,87.1,103.2,97.9,0.043,71.2,111.6,98.3
95MM19S1,0.083,0.044,0.363,0.001,0.613,0.113,0.064,0.297,94.3,86,103.6,99.1,0.053,80.9,113.2,104
95MM19S2,0.119,0.051,0.374,0.015,0.617,0.094,0.06,0.326,116.7,112.4,102.4,89,0.063,105.5,108.5,108.9
95MM20S1,0.075,0.047,0.371,0.04,0.627,0.079,0.059,0.414,63.7,139.1,126.2,125,0.056,68.1,148.3,113
95MM20S2,0.072,0.051,0.423,0.013,0.591,0.055,0.054,0.388,93.9,97.7,88.2,83.2,0.083,75.8,105.3,103.8
95MM21S1,0.123,0.048,0.44,0.049,0.658,0.147,0.055,0.472,117,128.9,93.2,116.1,0.052,60.3,110.2,100.8
95MM21S2,0.083,0.04,0.161,0.023,0.422,0.095,0.056,0.239,74.5,76.4,108.2,57,0.04,95.6,84.9,89.7
95MM22S1,0.077,0.051,0.162,0.023,0.56,0.067,0.053,0.346,91.1,96.3,124.7,77.9,0.024,52.4,87.8,102.5
95MM22S2,0.085,0.037,0.038,0.014,0.423,0.061,0.054,0.246,70.4,87.9,96.8,112.5,0.049,127,93.6,90.6
95MM23W1,0.064,0.064,0.328,0.054,0.741,0.092,0.081,0.404,172.5,157.4,119.7,113.2,0.048,137.3,126.5,117.7
95MM24W1,0.083,0.069,0.35,0.037,0.671,0.106,0.091,0.535,171.5,182.8,126.8,142.2,0.018,139.1,165.6,127.9
95MM25S1,0.104,0.068,0.458,0.02,0.757,0.131,0.101,0.588,188.5,233.8,97.4,99.5,0.048,139.4,188.4,149.4
95MM25S2,0.078,0.06,0.481,0.032,0.749,0.122,0.095,0.616,143,199.4,128.4,170.5,0.047,93.8,180.2,131.7
95MM25S3,0.127,0.07,0.42,0.044,0.679,0.108,0.088,0.515,120.1,195.3,75.1,141.1,0.06,118.2,194.3,120.2
95MM25S4,0.102,0.064,0.27,0.031,0.517,0.083,0.066,0.35,80.2,124.2,93.2,76.3,0.049,109.8,110.5,107.1
95MM26S1,0.085,0.066,0.276,0.034,0.606,0.101,0.088,0.455,133.7,151.1,131.9,118,0.035,120.7,152.6,130.3
95MM26S2,0.085,0.051,0.207,0.024,0.481,0.036,0.062,0.313,40.9,114.5,120.3,111.9,0.031,105.3,110,104
95MM27S1,0.057,0.062,0.306,0.018,0.867,0.073,0.088,0.483,202.2,196.4,131.3,138.5,0.056,119.9,132.9,131.2
95MM27S2,0.049,0.06,0.478,0.019,NA,0.088,0.065,0.291,109.4,97.6,86.1,91.3,0.068,36.9,90.3,104.7
95MM28W1,0.095,0.059,0.418,0.074,0.69,0.09,0.099,0.489,196.1,190.8,132.9,135.8,0.036,109.8,166.8,129.7
95MM29W1,0.084,0.053,0.411,0.027,0.738,0.106,0.083,0.453,112.5,137.3,119,106.2,0.034,85.4,135.6,106.3
95MM30W1,0.105,0.062,0.383,0.095,0.628,0.07,0.1,0.515,196.8,171,115.1,109.7,0.043,136.1,148.3,119.9
95NN01S1,0.156,0.05,0.512,0.039,0.736,0.149,0.09,0.392,101.9,124,91.5,132.1,0.078,138.6,111.2,116.1
95NN01S2,0.113,0.033,0.264,0.044,0.698,0.118,0.056,0.366,45.6,109.3,87.9,86.8,0.016,101.7,104.8,115.2
95NN02W1,0.175,0.043,0.3,0.015,0.532,0.125,0.059,0.247,68.1,94.2,108,124.1,0.057,95,103.6,102.1
95NN03S1,0.092,0.034,0.366,0.023,0.58,0.056,0.059,0.341,85.7,99.9,101.7,148.9,0,137.3,117.6,103.5
95NN03S2,0.105,0.037,0.49,0.018,0.716,0.127,0.068,0.401,85.1,105.5,92.5,61.3,0.03,127.9,105.8,105.7
95NN04W1,0.191,0.053,0.524,0.054,0.805,0.194,0.083,0.442,154.6,172,137.4,143.2,0.038,137.7,157.2,131.7
95NN05W1,0.104,0.044,0.396,0.058,0.713,0.196,0.075,0.357,80.9,116.5,70.1,112.5,0.053,108.5,110.6,106.8
95NN06S1,0.107,0.063,0.518,0.013,0.691,0.115,0.104,0.417,121,132.2,92.7,108.7,0.058,137.2,119,111.9
95NN06S2,0.118,0.043,0.257,0.022,0.638,0.102,0.074,0.312,98.6,97.9,92.5,68.9,0.023,112.5,99.4,97.7
95NN07S1,0.123,0.048,0.205,0.048,0.69,0.133,0.061,0.359,120.6,137.3,76.7,147.3,0.031,175.3,145.8,111.5
95NN07S2,0.179,0.052,0.514,0.066,0.743,0.135,0.078,0.449,135.3,151,106.5,93.1,0.077,130.5,135.6,116.9
95NN08S1,0.085,0.036,0.223,0.013,0.578,0.088,0.044,0.305,89.1,83.1,128.9,77.4,0.076,97.5,101.7,95.6
95NN08S2,0.098,0.043,0.268,0.017,0.603,0.098,0.062,0.238,59.1,69.4,81.8,94.7,0.031,113.7,74.8,95
95NN09S1,0.055,0.031,0.21,0.031,0.562,0.068,0.043,0.215,33.8,57.5,94.5,109.3,0.038,83.8,77.9,83.7
95NN09S2,0.095,0.04,0.277,0.013,0.507,0.058,0.052,0.286,68.9,82.5,103,126,0,120.8,95.7,90.9
95NN10S1,0.064,0.045,0.16,0.015,0.556,0.114,0.054,0.261,107.2,103.6,102.4,121,0.017,70,107.4,97.1
95NN10S2,0.058,0.04,0.268,0.022,0.477,0.082,0.049,0.201,65.7,65.8,113.7,74.9,0.045,71.6,68.8,92.8
95NN11S1,0.091,0.049,0.296,0.036,0.677,0.097,0.067,0.343,112.4,117.3,94.1,116,0.05,122.4,134,115.6
95NN11S2,0.061,0.035,0.238,0.02,0.558,0.114,0.056,0.254,49.3,74,70.4,92.5,0.032,112.8,86.1,89.8
95NN12W1,0.074,0.039,0.333,0.026,0.671,0.109,0.066,0.301,81.4,107.2,101.3,107,0.023,104.1,98.8,100
95NN13W1,0.076,0.034,0.278,0.022,0.555,0.106,0.054,0.249,27.7,71.5,83.5,81,0.036,101.9,79.7,89.4
95NN14S1,0.123,0.048,0.333,0.008,0.64,0.167,0.08,0.323,89.2,108.1,92.1,140.6,0.034,120.8,119.9,102.2
95NN14S2,0.142,0.054,0.188,0.011,0.757,0.148,0.06,0.362,121.3,112.1,74,84.9,0.056,96.2,104.4,97.6
95NN15W1,0.142,0.05,0.383,0.018,0.725,0.122,0.082,0.384,81,91.8,75.7,90.7,0.052,157.4,117.4,102.8
95NN16S1,0.054,0.022,0.167,0.007,0.474,0.063,0.042,0.199,85,45.9,81.4,127.1,0.035,115.1,65.6,80.7
95NN16S2,0.066,0.031,0.368,0,0.621,0.075,0.063,0.248,46.1,57.3,65.5,92.9,0.062,59,74.4,85.4
95NN17W1,0.141,0.071,0.36,0.03,0.723,0.174,0.084,0.415,130.2,150.7,92.8,102.3,0.019,161.2,121.1,108.5
95NN18S1,0.187,0.057,0.394,0.042,0.701,0.187,0.07,0.368,200.7,139.1,69.8,144.6,0.11,130.8,99.1,116.6
95NN18S2,0.163,0.036,0.163,0.027,0.499,0.121,0.046,0.208,75.5,74,90.1,132.9,0.046,94.7,70.7,90.3
95NN19S1,0.065,0.027,0.23,0,0.614,0.122,0.047,0.271,48.6,78.7,80.1,64.4,0.058,99.8,87.9,89.8
95NN19S2,0.091,0.028,0.187,0,0.502,0.083,0.041,0.193,35.4,46.6,86,95.4,0.019,74.1,59.7,88.1
95NN20W1,0.078,0.038,0.373,0.01,0.655,0.146,0.058,0.281,55.2,90.1,93,89.4,0.021,114.8,93.7,95.7
95NN21W1,0.106,0.045,0.273,0.013,0.623,0.128,0.062,0.288,96.7,99.4,88.2,92,0.034,89.3,88.9,96.7
95NN22W1,0.107,0.031,0.23,0.01,0.558,0.13,0.067,0.254,91.6,79.6,102.9,94.8,0.043,81.8,79.1,98.5
95NN23S1,0.07,0.046,0.283,0.016,0.607,0.128,0.066,0.354,61.4,106.9,88.9,123.8,0.018,135.1,86,95.1
95NN23S2,0.077,0.037,0.19,0.014,0.57,0.108,0.058,0.311,82.3,89.9,109.5,147.9,0.021,92.5,93.2,91.2
95OO01W1,0.045,0.037,0.334,0.056,0.627,0.09,0.057,0.44,86.1,102.4,63.8,85.4,0.036,111.6,76.4,90.5
95OO02W1,0.088,0.03,0.161,0,0.502,0.099,0.065,0.339,68.3,72.8,82,62.3,0.038,76,89.3,84.2
95OO03W1,0.08,0.039,0.257,0.005,0.631,0.065,0.064,0.395,68.6,90.6,92.3,85.4,0.034,104.7,109.4,92.3
95OO04W1,0.082,0.036,0.401,0.016,0.584,0.075,0.063,0.402,97.6,123.1,77.1,99.7,0.035,102.2,113.2,95.4
95OO05W1,0.081,0.068,0.596,0.062,0.759,0.088,0.071,0.456,151.1,135.2,98.4,63.9,0.067,160.3,107,102.4
95OO06W1,0.062,0.037,0.307,0.021,0.645,0.073,0.051,0.353,80.5,84.6,88.9,75.9,0.037,91,80.5,84.5
95OO07W1,0.09,0.031,0.23,0.023,0.564,0.062,0.052,0.364,50.5,86.6,78.8,73,0.027,91.1,98.1,90.5
95OO08W1,0.109,0.035,0.274,0.045,0.514,0.094,0.05,0.33,51.2,98.6,59.3,80.6,0.079,94.6,99.5,91.3
95OO09W1,0.094,0.029,0.423,0.026,0.614,0.117,0.07,0.398,134.8,99.7,105.8,134.2,0.023,56,104.1,87.5
95OO10W1,0.076,0.055,0.343,0.044,0.615,0.069,0.073,0.417,96,141.1,109,100.3,0.028,91.7,98.4,113.2
95OO11W1,0.102,0.07,0.366,0.038,0.647,0.084,0.09,0.465,144.4,183.8,100.6,109.1,0.042,141.1,138.3,115.7
95OO12W1,0.116,0.068,0.372,0.032,0.657,0.088,0.087,0.358,75.1,124.9,79.6,74.6,0.036,132.5,91.9,96.5
95OO13W1,0.066,0.057,0.335,0.046,0.761,0.065,0.056,0.371,115.9,70.4,111.1,77.7,0.048,136.8,97.1,80.8
95OO14W1,0.096,0.038,0.268,0.05,0.6,0.071,0.049,0.341,79.5,90.5,81,70.5,0.042,70.6,94.2,89.5
95OO15W1,0.098,0.063,0.446,0.048,0.729,0.129,0.068,0.43,194.6,136.1,109,90.8,0.04,150.6,113.8,106.2
95OO16W1,0.091,0.047,0.356,0,0.642,0.073,0.086,0.442,81,92.3,99.2,94,0.046,68.2,111.7,93.8
95OO17W1,0.067,0.035,0.367,0.045,0.629,0.094,0.055,0.361,102.3,81.2,102.4,112.1,0.025,93.2,111.3,93.8
95OO18W1,0.085,0.053,0.323,0.066,0.636,0.073,0.055,0.317,100.3,87.4,78.3,87.6,0.041,122.7,93.7,84.4
95OO19W1,0.075,0.043,0.277,0.046,0.618,0.068,0.053,0.311,57.1,79.8,113.9,73.9,0.031,112.5,82.6,89.2
95OO20W1,0.078,0.041,0.178,0.049,0.659,0.08,0.055,0.304,66,92.2,83,101.2,0.039,77.5,113.1,97.2
95OO21W1,0.067,0.048,0.405,0.033,0.618,0.05,0.052,0.348,118.1,117.6,124,94.7,0.063,127.8,99.5,95.7
95OO22W1,0.091,0.038,0.329,0,0.564,0.092,0.052,0.359,85.7,111.3,104.8,96.3,0.025,96.3,96.1,96.5
95PP01W1,0.113,0.035,0.464,0.013,0.595,0.105,0.06,0.311,77.2,85.3,91.9,91.5,0.014,86.2,83.6,98.1
95PP02W1,0.097,0.038,0.267,0.006,0.584,0.173,0.053,0.363,88.3,67,105.9,58.8,0.047,66.3,85.4,88.1
95PP03W1,0.16,0.04,0.279,0.006,0.604,0.109,0.059,0.398,103.3,86,101.5,70.2,0.018,78.9,98.9,92.5
95PP04W1,0.118,0.037,0.341,0.026,0.619,0.109,0.063,0.347,79.6,75.4,87.8,93.7,0.035,63.5,87,88.9
95PP05W1,0.095,0.039,0.175,0.008,0.493,0.138,0.068,0.392,86.3,79.1,79.5,85.3,0.038,73.8,86.1,89.4
95PP06S1,0.131,0.05,0.525,0.035,0.593,0.149,0.096,0.376,84.9,114.3,95.1,117.7,0.043,89.7,120.2,101.2
95PP06S2,0.074,0.04,0.244,0,0.5,0.08,0.063,0.243,73.1,88.5,108.5,85.4,0.035,84,91.3,89.1
95PP07W1,0.096,0.033,0.328,0.006,0.575,0.109,0.058,0.349,102.5,77.4,79.8,87.7,0.036,78.9,84.4,84.2
95PP08W1,0.087,0.036,0.35,0,0.597,0.142,0.057,0.374,73.8,66.2,86.9,91,0.011,56.4,58.2,81.1
95PP09W1,0.148,0.058,0.333,0.028,0.752,0.297,0.087,0.474,212.9,164.7,128.2,143.4,0.074,111.1,165.3,120.9
95PP10W1,0.071,0.041,0.133,0.033,0.57,0.103,0.052,0.417,119.1,83.2,108.3,75.6,0.052,74,68.5,86.3
95PP11W1,0.16,0.061,0.411,0.035,0.66,0.152,0.078,0.411,119,133,86,105.1,0.07,70.5,121.7,105.4
95PP12W1,0.121,0.032,0.285,0,0.551,0.167,0.054,0.377,129.2,69.8,92.3,94.3,0.022,84.3,85.4,87.9
95PP13W1,0.089,0.044,0.433,0.014,0.621,0.11,0.065,0.431,110.1,131,112.2,120.1,0.032,79.3,131.6,104.6
95PP14S1,0.111,0.037,0.326,0.023,0.661,0.131,0.064,0.468,97.3,102.8,103.6,100.8,0.013,100.6,110.1,102.6
95PP14S2,0.1,0.032,0.47,0.025,0.625,0.085,0.08,0.402,109.9,80,85.6,73.9,0.056,58.5,82.3,92.2
95PP15W1,0.084,0.035,0.281,0.016,0.581,0.117,0.065,0.32,91.7,82,99.9,83.6,0.034,56.8,99.1,94
95PP16W1,0.063,0.031,0.452,0.023,0.474,0.106,0.06,0.339,66.9,67.5,87.2,69.1,0.084,109.8,88.2,94.5
95PP17W1,0.081,0.06,0.39,0.088,0.623,0.137,0.075,0.449,103.2,136.1,91.6,97.8,0.069,88.9,114.4,102.3
95PP18W1,0.093,0.037,0.423,0.024,0.608,0.134,0.064,0.378,101.4,82.3,78.3,84.4,0.022,62.4,77.6,93
95PP19W1,0.112,0.048,0.237,0.043,0.622,0.143,0.059,0.464,120.8,112.2,110.9,104.1,0.055,79.4,120.5,101.2
95PP20W1,0.093,0.047,0.274,0.006,0.642,0.146,0.068,0.324,77.7,112.8,105.2,105,0.058,96.9,114.2,102
95PP21W1,0.139,0.037,0.238,0.02,0.543,0.12,0.057,0.438,87,78.5,119.2,97.5,0.047,87.3,97.7,83.1
95PP22W1,0.131,0.041,0.499,0.026,0.565,0.148,0.069,0.322,86.7,100,93.3,86.8,0.008,75.1,115.6,94.9
95PP23W1,0.092,0.036,0.323,0,0.634,0.111,0.066,0.403,42.6,89.1,82.9,76.2,0.038,55.9,103.9,96.1
95QQ01W1,0.144,0.054,0.412,0,0.727,0.157,0.104,0.46,90.1,122.4,108.2,117.4,0.057,117.3,120.6,115.5
95QQ02W1,0.088,0.037,0.398,0.066,0.642,0.082,0.067,0.274,45.3,65.5,85.5,72.7,0.04,79.2,79.8,94.2
95QQ03W1,0.117,0.049,0.402,0.031,0.716,0.111,0.107,0.491,188.2,134.3,136.2,137.6,0.056,138.7,153.3,121
95QQ04W1,0.095,0.048,0.397,0.01,0.734,0.172,0.089,0.439,110.5,112.2,103.5,101.6,0.034,111,124.8,120.7
95QQ05W1,0.054,0.032,0.19,0.037,0.531,0.049,0.062,0.218,52.9,57.2,99.5,61,0.031,109,86.5,89.6
95QQ06W1,0.042,0.044,0.279,0.028,0.626,0.099,0.065,0.399,124.3,94.5,119,103.9,0.008,115,91.4,98.2
95QQ07W1,0.133,0.043,0.335,0.062,0.777,0.068,0.078,0.399,145.4,120.3,116,141.5,0.053,100.7,120.4,106.3
95QQ08W1,0.084,0.051,0.587,0.049,0.762,0.084,0.093,0.458,133.7,139.6,80.5,121.6,0.061,80.1,149.5,120
95QQ09W1,0.077,0.041,0.343,0.054,0.705,0.03,0.048,0.326,86.8,88.9,103.7,85.5,0.086,62.4,109.5,99.3
95QQ10W1,0.12,0.039,0.264,0.015,0.577,0.061,0.061,0.326,68.2,71.8,75.2,70.4,0.049,69,84.8,83.5
95QQ11W1,0.053,0.032,0.369,0.02,0.57,0.055,0.058,0.284,71.9,69.7,98.4,83.6,0.05,90.1,103.3,94.6
95QQ12W1,0.067,0.043,0.486,0.011,0.648,0.054,0.06,0.34,118.2,88.2,91.5,118,0.026,93,89.4,89.2
95QQ13W1,0.098,0.039,0.358,0.045,0.598,0.084,0.071,0.245,89.1,63,92.9,60,0.043,48.9,66.4,93.7
95QQ14S1,0.067,0.038,0.281,0.019,0.681,0.05,0.058,0.323,61.1,67.1,89.9,86.6,0.045,94.4,104.7,96.3
95QQ14S2,0.049,0.034,0.251,0.016,0.577,0.049,0.059,0.304,55.7,62.3,94.7,68.7,0.036,81.8,81.5,84.4
95QQ15W1,0.096,0.047,0.335,0.038,0.713,0.081,0.07,0.399,143.8,99.3,116.8,90.5,0.081,130.9,130.9,105.2
95RR01S1,0.062,0.043,0.316,0.008,0.485,0.049,0.061,0.339,45.5,95.1,113.7,109.6,0.042,99.9,131.5,98.8
95RR01S2,0.047,0.035,0.433,0.008,0.555,0.072,0.061,0.338,131.7,77.7,87.9,66.8,0.051,97.7,70.7,92.4
95RR02W1,0.089,0.036,0.325,0.018,0.69,0.118,0.069,0.454,94.2,107.1,82.6,88.5,0.051,109.7,92.2,108
95RR03W1,0.083,0.059,0.619,0,0.806,0.159,0.109,0.559,112.6,202.8,91.9,102.1,0.048,130.4,163.3,128.8
95RR04W1,0.108,0.041,0.234,0.02,0.602,0.067,0.063,0.44,184.9,136.8,129.3,138.1,0.081,68.2,116.1,102.8
95RR05S1,0.067,0.032,0.207,0.026,0.524,0.079,0.051,0.334,67.7,94.1,112.4,106.2,0.04,79.9,104.2,99.7
95RR05S2,0.072,0.056,0.476,0.033,0.774,0.163,0.077,0.513,113.4,156,60.5,111.7,0.031,110.5,114,121.4
95RR06W1,0.089,0.044,0.282,0.029,0.579,0.075,0.062,0.483,54.3,107.3,90.9,94.6,0.021,90.7,108.5,96.4
95RR07W1,0.065,0.04,0.295,0.011,0.629,0.039,0.062,0.422,86.9,97.3,88.6,78.9,0.063,97,85.6,98.2
95RR08W1,0.084,0.035,0.193,0.014,0.57,0.075,0.051,0.375,53.9,96.8,109.5,95.7,0.043,94.1,94.6,91.4
95RR09S1,0.068,0.048,0.215,0.015,0.612,0.09,0.059,0.411,121.1,128.7,100.1,122.6,0.039,156.6,109.4,104.1
95RR09S2,0.117,0.043,0.474,0.022,0.714,0.1,0.07,0.368,95.4,104,119.9,73.3,0.063,91.8,103,93.8
95RR10W1,0.074,0.065,0.621,0.099,0.855,0.08,0.109,0.615,109,200.5,112.7,119.8,0.073,105,158.9,114.1
95RR11W1,0.066,0.034,0.263,0,0.627,0.055,0.047,0.467,70.9,82.6,74.3,121.3,0.043,114.2,63.3,111.7
95RR12W1,0.094,0.05,0.438,0,0.542,0.073,0.078,0.37,88,104,158.2,73.9,0.073,135.2,87.6,97.4
95RR13W1,0.099,0.048,0.318,0.022,0.761,0.093,0.073,0.421,140.4,130.1,89.4,77.7,0.054,117.1,104.4,103.4
95RR14W1,0.079,0.029,0.267,0.021,0.626,0.108,0.056,0.471,89,105.1,75.8,87.9,0.037,112.6,87.4,92.1
95RR15W1,0.095,0.04,0.305,0.005,0.578,0.058,0.06,0.411,90.5,102.3,97.3,95.4,0.056,87,99.1,97.7
95SS01S1,0.053,0.034,0.227,0,0.531,0.109,0.046,0.298,48.9,53.2,97,87.3,0.034,70.4,65,100.1
95SS01S2,0.06,0.038,0.273,0.005,0.602,0.064,0.064,0.256,73.3,69.1,93.6,94.4,0.033,77.2,84.7,84.9
95SS02S1,0.064,0.04,0.294,0.033,0.667,0.09,0.075,0.313,61,62.1,91.3,64.7,0.008,135.2,62.6,91.2
95SS02S2,0.054,0.029,0.075,0.005,0.457,0.027,0.044,0.174,59.3,44.5,87.1,84.1,0.037,59.5,55.6,77
95SS03S1,0.121,0.03,0.12,0.009,0.401,0.061,0.035,0.173,41.1,40.3,90.6,66.2,0.062,69.8,58.7,82
95SS03S2,0.064,0.03,0.121,0,0.47,0.028,0.035,0.217,58,44.7,96.6,42,0,86.2,63.4,82.2
95SS04S1,0.122,0.054,0.326,0.016,0.676,0.094,0.082,0.367,120.2,120.8,89.3,102.2,0.016,107.5,135.7,125.7
95SS04S2,0.095,0.054,0.44,0.017,0.73,0.121,0.076,0.338,69.2,105.9,106.3,95.7,0.053,123.8,96.5,96
95SS04S3,0.08,0.04,0.229,0.01,0.653,0.072,0.059,0.303,81.2,66.7,91.7,63.4,0.028,87.1,71.1,93.2
95SS05S1,0.1,0.051,0.39,0.082,0.736,0.101,0.066,0.395,42.6,80.3,79.3,96.1,0.029,93.2,91.2,103.5
95SS05S2,0.071,0.026,0.159,0,0.514,0.078,0.038,0.2,37.5,45.9,87.6,80.4,0,76.9,69.5,83.1
95SS06S1,0.161,0.069,0.427,0.09,0.815,0.215,0.111,0.538,90.3,212.1,110.1,94,0.1,134.6,167.8,134.3
95SS06S2,0.149,0.078,0.553,0.045,0.84,0.203,0.096,0.65,199.9,253.7,102.1,213.4,0.062,141.4,213.6,163.3
95SS06S3,0.148,0.072,0.636,0.042,0.839,0.225,0.12,0.622,153.5,214.2,124.7,193.2,0.061,188.6,176.6,140.7
95SS07S1,0.112,0.052,0.387,0.038,0.765,0.118,0.063,0.401,136.7,113,99.1,86.6,0.025,133.5,100.1,114.1
95SS07S2,0.088,0.043,0.266,0.036,0.685,0.07,0.058,0.396,46.2,112.9,75.4,88.2,0.039,120.7,109,105.1
95SS07S3,0.093,0.046,0.342,0.03,0.624,0.091,0.066,0.317,107.8,90.7,99.4,84,0.038,110.4,77.8,97.8
95SS08S1,0.108,0.028,0.109,0.007,0.409,0.05,0.038,0.181,109.4,55.5,78.5,60.1,0.059,77,82.6,89.4
95SS08S2,0.099,0.034,0.283,0,0.523,0.096,0.048,0.287,96.1,71,87.2,68.1,0.012,95.6,98.3,85.9
95SS09S1,0.035,0.025,0.036,0.012,0.428,0.057,0.036,0.109,45.3,34.6,92.2,64.2,0.034,47.8,50.2,70.6
95SS09S2,0.115,0.036,0.084,0,0.52,0.053,0.041,0.216,90.8,50.5,83.3,53.3,0,77.1,55.1,77
95SS10S1,0.082,0.042,0.144,0.028,0.625,0.068,0.062,0.251,79.6,83.2,102.6,99.3,0.044,83.9,61.5,100.2
95SS10S2,0.057,0.038,0.106,0.019,0.433,0.054,0.04,0.192,74.6,60.3,113.9,120,0.023,81.5,53.7,83.1
95SS11S1,0.1,0.037,0.23,0.022,0.536,0.058,0.058,0.281,103.3,84.4,106.2,107.1,0.037,73.1,74.8,93.7
95SS11S2,0.107,0.033,0.264,0.011,0.638,0.097,0.048,0.264,54.5,64.6,102.9,79.1,0.029,83.6,76.9,93.4
95SS12W1,0.044,0.037,0.172,0.006,0.525,0.049,0.05,0.242,68.9,62.1,100.7,78.2,0.022,70.3,74.6,86.4
95SS13S1,0.116,0.057,0.451,0.069,0.814,0.149,0.101,0.419,102.7,109.2,94.9,90.4,0.04,132.9,86,111.8
95SS13S2,0.099,0.06,0.352,0.017,0.789,0.103,0.094,0.476,126.7,108.7,71.2,72.7,0.051,143.7,99.4,106.8
95SS14S1,0.154,0.062,0.523,0,0.85,0.178,0.077,0.47,162.9,130.1,118.2,127,0.037,138.6,133.5,122.1
95SS14S2,0.12,0.041,0.173,0.024,0.571,0.128,0.052,0.279,67.9,62.3,78.5,85.7,0.07,119.6,71.6,88.5
95SS15S1,0.031,0.024,0.22,0.008,0.401,0.035,0.045,0.178,30.6,48.7,102.1,82,0.051,74.8,68,82.6
95SS15S2,0.034,0.026,0.032,0,0.473,0.034,0.033,0.195,63,47.9,60.2,85.4,0.077,57.9,77.4,73.2
95SS16S1,0.098,0.054,0.141,0.038,0.501,0.132,0.059,0.289,99.2,113.2,110,181.8,0.044,111.5,89.5,109.6
95SS16S2,0.115,0.053,0.406,0.063,0.732,0.25,0.093,0.496,179.2,198.2,127.2,132.3,0.05,169,146.7,127.7
95SS17S1,0.089,0.046,0.397,0.007,0.718,0.122,0.079,0.372,88.9,86.7,92.5,90.1,0.03,97.4,91.8,94.7
95SS17S2,0.117,0.06,0.401,0,0.813,0.103,0.085,0.466,107.4,119.9,99.1,108.4,0.067,111.7,131.1,126.9
95SS18S1,0.082,0.054,0.483,0.014,0.812,0.168,0.095,0.465,53.7,122.9,92.5,83.4,0.045,136.9,130.9,122.7
95SS18S2,0.08,0.05,0.126,0.042,0.613,0.055,0.063,0.4,105.9,100.1,85.1,158.2,0.011,151.2,110.7,106.8
95SS19S1,0.109,0.062,0.277,0,0.648,0.086,0.078,0.327,51.1,73.3,98,83.9,0.082,110.5,87,99.3
95SS19S2,0.092,0.045,0.655,0.052,0.855,0.121,0.097,0.467,119.3,94.9,83.4,127.7,0.018,114.3,103.9,105.2
95SS20W1,0.061,0.04,0.354,0.038,0.574,0.056,0.052,0.29,43.9,64.5,80.8,78.5,0,91,81.4,93.8
95SS21S1,0.053,0.034,0.216,0.012,0.635,0.064,0.046,0.251,42.4,48.1,92,69.1,0.036,103.6,86.7,94.3
95SS21S2,0.076,0.032,0.238,0.007,0.542,0.064,0.05,0.268,60.6,59.2,90.7,91.1,0.007,95.3,83.3,89.5
95SS22S1,0.07,0.045,0.279,0.013,0.686,0.129,0.073,0.266,47.6,73.9,89.6,95.9,0,40,59.8,90.3
95SS22S2,0.087,0.039,0.225,0.01,0.462,0.076,0.046,0.226,60.9,62.7,89.5,104.1,0.038,83.9,59.6,89.5
95SS23S1,0.068,0.029,0.185,0.01,0.554,0.035,0.055,0.213,87.2,52.3,110.6,50.4,0.03,45.6,78.6,79.7
95SS23S2,0.088,0.04,0.303,0.037,0.57,0.08,0.055,0.32,63.8,68.5,103.9,49.1,0.066,102.2,104.3,102.1
95SS24S1,0.068,0.034,0.118,0,0.455,0.066,0.049,0.19,98.5,55.8,77.1,69.4,0.033,72.5,76.6,84.7
95SS24S2,0.078,0.033,0.22,0.009,0.553,0.06,0.06,0.218,62.1,67.9,88.2,136.8,0.058,61.4,105.8,87.6
95SS25W1,0.117,0.066,0.5,0.039,0.859,0.115,0.085,0.552,159,146.6,120.5,144.4,0.059,170.1,153.6,133.4
95SS26S1,0.126,0.067,0.56,0.074,0.812,0.174,0.105,0.59,149.7,236.2,148.1,136.4,0.049,139.9,177.8,140.9
95SS26S2,0.1,0.06,0.322,0.023,0.598,0.135,0.073,0.361,71.5,111,94.1,63.2,0.042,156.3,96.5,103.1
95SS27W1,0.073,0.043,0.44,0.045,0.733,0.167,0.068,0.362,111.6,108.9,110,116.2,0.055,89.8,90.5,108.1
95SS28W1,0.107,0.059,0.442,0.054,0.771,0.109,0.082,0.452,183.3,121,105,101.1,0.073,124.3,111.3,113
95SS29S1,0.164,0.07,0.575,0.028,0.804,0.18,0.081,0.566,107.6,219.2,105.1,119.6,0.06,177.1,160.6,133.8
95SS29S2,0.124,0.057,0.501,0.065,0.755,0.197,0.07,0.604,128.3,205.3,135.5,147.3,0.047,177.4,158.3,127.8
95SS30S1,0.056,0.037,0.202,0,0.807,0.077,0.051,0.224,58.5,48.1,85.3,81.3,0.023,51.7,59.4,68.9
95SS30S2,0.075,0.033,0.152,0.007,0.497,0.066,0.047,0.164,65.1,49.2,108.5,70.3,0,67.8,67.8,76.9
95TT01W1,0.065,0.03,0.33,0.005,0.533,0.05,0.044,0.352,85.7,78.4,92.3,76.7,0.032,65.1,85.6,90.9
95TT02W1,0.053,0.03,0.367,0.029,0.637,0.033,0.046,0.399,69.1,90,78.2,74.1,0.026,69.6,112.1,90.8
95TT03S1,0.109,0.041,0.335,0.042,0.672,0.109,0.071,0.423,99.5,110.5,101.6,114.2,0.033,93.9,117.2,103.3
95TT03S2,0.086,0.037,0.335,0.011,0.642,0.049,0.052,0.365,76.9,89.2,113.2,125.6,0.023,77.4,112.5,87
95TT04W1,0.091,0.048,0.232,0.005,0.635,0.056,0.048,0.399,80.7,109.7,99.4,90.8,0.048,75.5,102.4,99.5
95TT05S1,0.071,0.052,0.376,0.015,0.539,0.044,0.051,0.259,52.7,72.7,78,53.1,0.023,78.8,88.8,82.6
95TT05S2,0.132,0.059,0.521,0.025,0.749,0.151,0.073,0.554,103.4,140.7,120.1,144.2,0.04,86.9,145.3,123.2
95TT06W1,0.098,0.033,0.177,0.018,0.63,0.081,0.054,0.353,71.4,93.2,110.9,92.8,0.025,69.4,106.6,99.2
95TT07W1,0.097,0.031,0.455,0.018,0.558,0.056,0.046,0.328,89.6,78.5,82.4,107.6,0.03,62.6,101.1,87.5
95TT08W1,0.078,0.031,0.243,0.03,0.553,0.051,0.047,0.37,99.3,77.4,94.9,81.5,0.012,60.5,102.5,90.6
95TT09S1,0.088,0.036,0.207,0.009,0.522,0.046,0.037,0.411,79,99.5,106,78,0.047,95.7,106.4,85.4
95TT09S2,0.054,0.033,0.118,0,0.573,0.055,0.032,0.322,62.5,70.4,85.4,41.7,0.042,62,76.3,81.5
95TT10W1,0.104,0.048,0.344,0.027,0.681,0.068,0.077,0.452,99.8,121.5,69.8,90.9,0.05,69.5,135.2,101.6
95TT11S1,0.069,0.037,0.165,0.015,0.493,0.066,0.049,0.338,73.1,76.9,83.7,70.4,0.035,88.2,99.3,83.4
95TT11S2,0.084,0.033,0.212,0,0.638,0.045,0.042,0.361,116.5,78.9,101.8,99.9,0.02,85.4,80.7,80
95TT12W1,0.062,0.037,0.293,0.013,0.565,0.032,0.049,0.404,98.7,98.6,88.7,93.2,0.027,55.9,109.2,96.2
95TT13S1,0.084,0.044,0.422,0.02,0.656,0.087,0.063,0.377,71.9,88.6,112.3,68.5,0.031,60.7,114.6,101.3
95TT13S2,0.088,0.066,0.485,0.022,0.617,0.11,0.071,0.465,193.7,135.7,120.9,134,0.022,110.6,130.1,111.5
95TT14W1,0.104,0.053,0.445,0.034,0.602,0.076,0.049,0.378,92.5,100.2,90.9,96.2,0.049,70.9,135.1,106.5
95TT15W1,0.088,0.035,0.301,0.011,0.608,0.047,0.051,0.431,76.3,93.5,73.2,99.8,0.037,90.2,130.3,101.7
95TT16W1,0.07,0.043,0.286,0.005,0.586,0.07,0.053,0.4,74.9,79.3,78.4,68.7,0.032,71.1,114.9,90.3
95UU06W1,0.105,0.048,0.297,0.016,0.527,0.106,0.046,0.305,80.3,83.5,111.8,85.2,0.027,82.4,83.2,98.3
95UU09W1,0.058,0.041,0.164,0.036,0.565,0.043,0.045,0.311,76.6,81.9,116.8,79.3,0.025,111.7,64.8,91
95UU14W1,0.087,0.049,0.334,0.038,0.713,0.097,0.064,0.419,118.4,124.4,79.7,100.4,0.106,113.7,95.8,104.7
95UU99C1,0.035,0.044,0.317,0.026,0.699,0.062,0.057,0.435,117.6,102.1,102.3,110,0.023,112.6,141.7,98.1
95UU99C2,0.097,0.045,0.598,0.068,0.773,0.065,0.091,0.479,80,83.4,76.2,86.4,0.094,73.2,108.3,95.8
95UU99C3,0.052,0.035,0.28,0.01,0.61,0.051,0.046,0.304,65.1,83.9,96.5,79.4,0.027,75.5,59.6,87
95UU99C4,0.047,0.031,0.343,0.021,0.637,0.081,0.068,0.389,91.3,81,99.6,77.2,0.01,111.5,123.3,87.4
95UU99C5,0.051,0.045,0.257,0.022,0.56,0.041,0.045,0.335,97.8,84.2,79.5,62.6,0.051,104.6,61.2,90.4
95UU99C6,0.091,0.05,0.292,0.014,0.677,0.08,0.075,0.387,87.1,111,85.2,79.2,0.039,104.8,101.9,106
95VV01S1,0.108,0.038,0.382,0.01,0.662,0.057,0.059,0.362,72.1,89.6,94.5,89.4,0.009,126,63.8,89
95VV01S2,0.115,0.037,0.512,0,0.734,0.08,0.075,0.426,71.1,122.2,113.6,96,0.052,128.5,86.3,114.4
95VV02W1,0.136,0.072,0.566,0.031,0.744,0.13,0.084,0.489,204.6,171.5,110,95.3,0.059,140.4,137.2,122.2
95VV03W1,0.129,0.078,0.53,0.03,0.742,0.141,0.106,0.48,121.5,146.1,112.1,154.2,0.048,124.2,129.3,113.9
95VV04W1,0.085,0.04,0.24,0.02,0.616,0.052,0.058,0.378,60.5,89.7,77.5,65.8,0.028,166.1,63.4,92.3
95VV05S1,0.068,0.042,0.172,0.017,0.507,0.049,0.053,0.316,61.8,74.9,87.4,63.8,0.073,103.7,94.4,83
95VV05S2,0.062,0.041,0.147,0.005,0.538,0.06,0.042,0.253,75.5,59.4,125.2,87.5,0.041,79.4,64.1,81.2
95VV06W1,0.097,0.037,0.232,0.007,0.503,0.074,0.06,0.374,80.8,114.6,95.8,97.8,0.053,86.4,101.4,94.6
95VV07S1,0.142,0.066,0.531,0.01,0.682,0.061,0.084,0.399,150.3,131.5,108.3,95.7,0.048,111.6,122.3,107.4
95VV07S2,0.113,0.048,0.202,0.004,0.552,0.056,0.053,0.259,57.9,89.7,87.3,111.5,0.071,116.9,77.7,89.9
95VV08W1,0.056,0.042,0.438,0.011,0.662,0.075,0.056,0.419,74.9,107.5,128,115,0.02,108.3,73.1,98.6
95VV09W1,0.066,0.051,0.456,0.028,0.715,0.091,0.058,0.468,100.1,141.7,132.3,100.3,0.035,129.7,97.2,102.9
95VV10S1,0.139,0.075,0.498,0.02,0.777,0.124,0.081,0.529,127.6,175.3,105.3,202.6,0.028,123.2,129.7,122.2
95VV10S2,0.127,0.071,0.317,0.051,0.76,0.082,0.067,0.455,226.3,183.6,122,112,0.017,155.5,131.5,114.2
95VV11S1,0.077,0.04,0.162,0,0.486,0.028,0.04,0.332,128.7,89.5,112.8,70.2,0.022,88.3,103.2,88.5
95VV11S2,0.072,0.044,0.172,0.016,0.559,0.06,0.043,0.264,104.1,86.3,140,86.4,0.034,79,75.9,83.4
95VV12S1,0.112,0.057,0.301,0.023,0.687,0.136,0.091,0.398,169.3,126.5,129.7,124.8,0.021,163.7,122.9,109.9
95VV12S2,0.09,0.053,0.426,0.025,0.698,0.123,0.076,0.42,114.7,134.8,120.6,88.4,0.041,120.6,130.2,102.8
95VV13S1,0.058,0.039,0.2,0,0.557,0.073,0.043,0.348,92.5,88.4,113,66.2,0.047,122.8,85.6,89.8
95VV13S2,0.082,0.032,0.286,0.008,0.489,0.021,0.041,0.32,60.1,90.9,116.9,116.2,0.02,93.9,73.1,90.2
95VV14S1,0.078,0.063,0.4,0.009,0.691,0.089,0.063,0.346,121.6,114,130.8,118.9,0.027,122.5,109.2,95.4
95VV14S2,0.062,0.052,0.223,0.024,0.558,0.042,0.058,0.282,99.4,107.5,101.4,100.3,0.054,145,103.4,100.6
95VV15S1,0.101,0.078,0.559,0,0.72,0.157,0.094,0.5,165.2,175.8,111.8,113.7,0.029,175.4,167.2,117.6
95VV15S2,0.071,0.061,0.29,0.015,0.611,0.065,0.068,0.352,107.2,113,119.1,67.7,0.019,102.4,108.6,99.8
95VV16W1,0.092,0.079,0.26,0.023,0.61,0.08,0.065,0.347,83.9,104.5,115.7,105.2,0.042,112.2,91.2,85.9
95VV17S1,0.11,0.044,0.271,0.011,0.587,0.113,0.072,0.324,91.7,95.6,98.2,121.7,0.023,90.7,95.8,99
95VV17S2,0.053,0.037,0.211,0.017,0.571,0.073,0.06,0.331,163.6,112.5,111.7,125.1,0.029,127.4,92.5,97.7
95VV18S1,0.067,0.041,0.374,0.023,0.701,0.044,0.064,0.36,118.9,88,133.8,89.3,0.011,203,70,92.9
95VV18S2,0.054,0.053,0.299,0.028,0.749,0.088,0.072,0.493,149.6,128.8,100.9,163.7,0.043,158.3,80.5,110.5
95VV19S1,0.086,0.05,0.363,0.022,0.707,0.063,0.066,0.386,67.9,100.5,111.3,94.3,0.037,176.4,67.7,99.6
95VV19S2,0.093,0.058,0.5,0.021,0.694,0.07,0.084,0.468,104.2,155.4,89.7,90.6,0.021,204.8,92.2,113.9
95VV20W1,0.068,0.043,0.259,0.018,0.616,0.072,0.057,0.391,59.3,102.1,93.4,74.9,0.024,168,66.9,86
95VV21S1,0.068,0.04,0.311,0.013,0.642,0.066,0.058,0.335,67.5,86.3,95,76.5,0.035,141.2,103.5,85.7
95VV21S2,0.08,0.038,0.125,0.008,0.522,0.058,0.046,0.341,58.6,81.9,98.1,73.1,0.055,79,75.9,85
95VV22W1,0.085,0.04,0.28,0.021,0.622,0.09,0.066,0.422,102.2,101.1,79.9,87.1,0.03,118.5,69.3,99
95VV23W1,0.074,0.047,0.359,0,0.516,0.048,0.067,0.293,80.4,86,100.4,61.4,0.023,89.5,103.4,93.2
95VV24S1,0.056,0.045,0.08,0,0.545,0.02,0.042,0.212,148.8,70.3,99,91.9,0.073,56.7,76.3,80.2
95VV24S2,0.093,0.059,0.308,0.038,0.604,0.049,0.081,0.367,129.8,122.2,110.4,103.4,0.026,152.7,113.3,104.3
95VV25S1,0.063,0.042,0.357,0.006,0.622,0.04,0.063,0.371,126.3,115.3,111.8,92.2,0.017,81,77.1,95.5
95VV25S2,0.066,0.039,0.255,0,0.568,0.066,0.051,0.309,59.7,88.7,93.2,67.7,0.03,93.3,59.5,86.4
95VV26W1,0.07,0.04,0.303,0.004,0.637,0.062,0.059,0.361,89.6,97.2,89.5,82.9,0.021,109.6,99.2,93.8
95VV27W1,0.118,0.071,0.433,0.01,0.719,0.083,0.066,0.448,146.3,142.9,118.8,110.1,0.057,189.4,110.3,105.6
95VV28S1,0.084,0.052,0.309,0.033,0.61,0.055,0.066,0.333,73.3,103.4,94.9,138,0.051,103.4,96.1,91.7
95VV28S2,0.062,0.057,0.44,0.021,0.696,0.065,0.058,0.434,149.9,139.8,91.7,100.6,0.041,134.7,116.8,107
95VV29W1,0.072,0.035,0.302,0.012,0.62,0.056,0.061,0.34,57.8,81.2,104.2,104.6,0.029,89.3,76.2,87.6
95VV30S1,0.079,0.045,0.205,0.017,0.463,0.055,0.049,0.218,54.1,78.4,91.6,103.1,0.051,100,95.2,79.5
95VV30S2,0.086,0.057,0.366,0.014,0.753,0.128,0.06,0.398,97.9,128.1,100.2,107.6,0.036,130.4,113.4,108.2
95WW01S1,0.11,0.053,0.414,0.079,0.594,0.064,0.096,0.314,113.5,95.1,112.6,128.3,0.042,91.8,90,99.3
95WW01S2,0.093,0.049,0.139,0.046,0.843,0.07,0.082,0.367,115.5,106,129.8,90.1,0.06,60.6,103.9,113.1
95WW02S1,0.099,0.047,0.451,0,0.617,0.134,0.064,0.38,115,104.1,93.1,125,0.034,90.4,116.7,102.9
95WW02S2,0.118,0.041,0.379,0.044,0.63,0.091,0.068,0.334,88.7,72.1,117.5,83.5,0.055,104.8,86.5,89.5
95WW03S1,0.086,0.055,0.516,0.029,0.785,0.108,0.091,0.452,147.9,112,125,106.7,0.01,95,112.9,106.6
95WW03S2,0.086,0.036,0.319,0.039,0.723,0.077,0.064,0.3,95.1,71.4,102.8,84.9,0.05,71.6,75.8,96.3
95WW04S1,0.103,0.052,0.501,0.061,0.741,0.094,0.084,0.393,87.8,104.9,89.6,123,0.039,102,108.8,110.9
95WW04S2,0.069,0.037,0.501,0.015,0.661,0.101,0.076,0.299,63.9,90.9,152.5,97.6,0.068,138.2,121.5,103.8
95WW05S1,0.061,0.04,0.259,0.071,0.617,0.07,0.075,0.322,103.3,78.4,85.1,74.5,0.059,71.2,89.7,99.6
95WW05S2,0.081,0.056,0.474,0.077,0.679,0.068,0.064,0.354,56.4,100.4,98,126.4,0.06,100.9,114.4,103.2
95WW06S1,0.082,0.034,0.395,0.031,0.496,0.044,0.064,0.225,69.3,47,100.7,44.8,0.052,74.1,72.2,81.1
95WW06S2,0.05,0.026,0.233,0.01,0.534,0.086,0.045,0.209,62.4,55.7,69,86.7,0.044,38.8,65.7,86.6
95WW07S1,0.037,0.029,0.283,0.042,0.607,0.084,0.042,0.225,44,51.6,76.8,73.3,0.061,49.4,69.8,86.6
95WW07S2,0.082,0.032,0.383,0.063,0.687,0.094,0.06,0.27,121.1,70.1,82.1,75.2,0.028,65.1,81,90.6
95WW08S1,0.121,0.047,0.227,0.03,0.574,0.052,0.068,0.333,108.7,80.3,100.2,89.3,0.049,71.6,97.5,84.1
95WW08S2,0.059,0.042,0.301,0.043,0.606,0.041,0.066,0.305,67.4,76.2,78.6,86.6,0,60.2,93.5,99
95WW09S1,0.156,0.06,0.648,0.016,0.731,0.136,0.108,0.477,153.8,127,122.9,123,0.048,136.2,123.9,111.4
95WW09S2,0.062,0.036,0.26,0.048,0.598,0.036,0.062,0.268,113.3,71.2,129.3,85.7,0.045,86.5,81.5,101.4
95WW10S1,0.092,0.036,0.39,0.001,0.648,0.064,0.065,0.353,94.7,102.5,102,200.1,0.07,76.6,85.9,104.2
95WW10S2,0.062,0.053,0.503,0.002,0.795,0.032,0.073,0.398,100.5,105.8,107.5,103.7,0.013,100.8,108,111
95WW11S1,0.078,0.033,0.209,0.041,0.494,0.087,0.045,0.278,45.4,68.7,76.6,92.4,0.013,67.2,88.2,93
95WW11S2,0.081,0.04,0.229,0.024,0.58,0.07,0.041,0.231,74.5,69.1,90.4,106.2,0,65.7,70.7,90.5
95WW12W1,0.134,0.061,0.522,0.059,0.877,0.097,0.094,0.516,166.6,153.9,126.7,163.5,0.044,114,147,122
95WW13S1,0.071,0.029,0.209,0.031,0.609,0.07,0.053,0.259,62.9,59.5,117.1,105.4,0.035,57.5,75.2,89.1
95WW13S2,0.027,0.035,0.326,0.009,0.594,0.05,0.06,0.288,100.3,59.4,103.1,72.5,0.024,78.3,65.4,91.5
95WW14W1,0.125,0.056,0.596,0.06,0.916,0.113,0.1,0.573,131.9,160,132.8,181.3,0.082,132.4,148,125.4
95WW15S1,0.099,0.035,0.3,0.021,0.617,0.108,0.056,0.296,107.7,76.5,92.8,68.3,0.008,87.4,74,99.8
95WW15S2,0.064,0.042,0.138,0.034,0.527,0.066,0.058,0.28,78.8,69,84,106.9,0.041,56.5,101,92.7
95WW16S1,0.104,0.04,0.361,0.081,0.609,0.115,0.066,0.305,112.7,93.6,106.8,78.5,0.078,69.5,83.8,99.8
95WW16S2,0.083,0.057,0.643,0.147,0.874,0.083,0.086,0.462,188.8,129.7,138.4,167.7,0.059,134.3,126.5,113.1
95WW17W1,0.131,0.053,0.368,0.049,0.781,0.082,0.082,0.398,79,109.2,112.2,126.8,0.065,75.9,112.2,108
95WW18W1,0.12,0.044,0.309,0.044,0.753,0.055,0.072,0.306,93.6,97.8,90.2,93.2,0.049,103.9,101.6,105.2
95WW19S1,0.071,0.031,0.193,0.02,0.67,0.029,0.05,0.303,38.3,83.2,101.9,101.8,0.048,70.3,102.5,96.9
95WW19S2,0.043,0.024,0.103,0.013,0.422,0.041,0.04,0.166,20.4,41.3,85.9,45.4,0.056,55.3,56.3,72.2
95WW19S3,0.061,0.025,0.137,0.007,0.451,0.036,0.034,0.104,44.5,33.5,103.2,74.3,0.022,48.1,47.4,68.7
95WW20S1,0.056,0.034,0.305,0.027,0.634,0.054,0.047,0.263,62.5,67.7,82.8,83,0.012,72.8,77.3,88.1
95WW20S2,0.06,0.038,0.279,0.047,0.642,0.069,0.057,0.26,67.4,59.4,92.8,59.4,0.026,72.5,74.2,84
95WW20S3,0.082,0.028,0.208,0.036,0.494,0.062,0.05,0.197,39.8,48.6,126.3,71.9,0.012,68.8,68.7,80.6
95WW21S1,0.081,0.054,0.669,0.081,0.892,0.075,0.099,0.567,190.4,145.7,127.8,122.3,0.029,128.7,153.8,131.8
95WW21S2,0.079,0.042,0.452,0.033,0.791,0.08,0.065,0.388,160.1,105.4,143.2,126.8,0.035,97.9,118.7,102.9
95WW22S1,0.086,0.04,0.412,0.022,0.581,0.054,0.063,0.321,53.9,70.2,104.9,116.7,0.107,65.9,96,99.3
95WW22S2,0.193,0.073,0.59,0.063,0.812,0.119,0.11,0.48,165.1,140.9,114.1,139.2,0.056,120.1,147.5,125.4
95WW23S1,0.087,0.039,0.293,0.049,0.693,0.101,0.061,0.284,120.9,83.2,106.4,130.2,0.039,60.1,77.5,90.3
95WW23S2,0.048,0.03,0.157,0.009,0.879,0.079,0.051,0.107,60.6,36.1,75.1,45.2,0.017,58.4,59.7,81.6
95WW24S1,0.168,0.064,0.359,0.035,0.666,0.114,0.079,0.412,148,130.8,85.1,144.8,0.077,147.2,92.4,109
95WW24S2,0.116,0.053,0.532,0.05,0.894,0.124,0.091,0.512,151.5,128.8,115,153.8,0.076,82.5,109.6,115.8
95WW25W1,0.128,0.048,0.465,0.026,0.751,0.156,0.109,0.492,139.5,143.3,92.5,145.5,0.018,102.5,128.1,118.1
95XX01S1,0.07,0.03,0.2,0,0.525,0.035,0.048,0.18,66.2,55.2,89.5,69,0.057,104.8,68.9,83.5
95XX01S2,0.092,0.032,0.2,0.01,0.449,0.046,0.051,0.194,44.8,51.6,100.8,103.5,0.036,76.5,61.6,91.6
95XX01S3,0.074,0.033,0.283,0.054,0.618,0.024,0.054,0.247,61.2,68.1,100.3,118.2,0.037,134.8,99.2,98.4
95XX02W1,0.048,0.034,0.104,0.012,0.479,0.027,0.038,0.113,62.7,46.5,73.6,92.8,0.018,78.2,63.2,75.8
95XX03S1,0.111,0.038,0.194,0.036,0.62,0.117,0.074,0.185,25.7,56,82.2,104.3,0.066,65.7,86.4,93.2
95XX03S2,0.084,0.033,0.165,0.023,0.567,0.054,0.049,0.196,45,45.2,118.4,74.9,0.039,67.8,51.8,88.4
95XX04S1,0.052,0.036,0.173,0.05,0.573,0.03,0.053,0.2,79.3,60.5,97.1,153.3,0.037,85.6,77.5,89.1
95XX04S2,0.096,0.037,0.228,0.008,0.662,0.088,0.073,0.266,60.3,74,89.1,83.2,0.049,88.6,82.6,103.4
95XX05W1,0.094,0.043,0.35,0.042,0.624,0.049,0.076,0.304,111.2,76.2,87.7,89.6,0.122,120.1,92.4,97
95XX06S1,0.091,0.056,0.429,0.026,0.744,0.078,0.089,0.361,107.3,102.8,117.7,132.1,0.065,154.7,105.4,102.7
95XX06S2,0.09,0.044,0.397,0.015,0.658,0.058,0.062,0.316,82.6,93.3,110.7,129,0.051,122.9,112.3,105.7
95XX07S1,0.101,0.04,0.264,0.033,0.541,0.198,0.072,0.2,76.8,63.3,103.7,78.1,0.042,37.5,65.4,85.8
95XX07S2,0.03,0.031,0.272,0.015,0.488,0.032,0.053,0.16,61.7,69.2,95.7,78.4,0,84.2,77.1,88.1
95XX08S1,0.074,0.03,0.252,0,0.489,0.069,0.045,0.176,38.9,47.8,78.2,66.4,0.029,56.2,59.8,81.1
95XX08S2,0.118,0.036,0.161,0,0.482,0.05,0.048,0.217,51.6,57.7,85.4,90.8,0.031,92.8,71.4,90
95XX09S1,0.133,0.035,0.158,0,0.467,0.071,0.074,0.232,87.9,82.1,89.8,106.7,0.022,52.2,92.4,97.6
95XX09S2,0.092,0.034,0.005,0.038,0.546,0.092,0.053,0.212,98.3,63.6,102.2,123.2,0.029,109.6,81.5,88
95XX10S1,0.079,0.046,0.362,0.039,0.681,0.068,0.067,0.317,155.3,92.5,117.2,106.4,0.043,122.3,100.8,101.2
95XX10S2,0.084,0.038,0.197,0.036,0.591,0.074,0.059,0.255,97.3,63.6,108.8,77.8,0.017,91.5,88.9,91.5
95XX10S3,0.09,0.056,0.596,0.059,0.802,0.073,0.109,0.361,119.3,86.3,81.8,136.3,0.074,98.8,117.8,110.8
95XX11S1,0.099,0.045,0.314,0.031,0.628,0.095,0.071,0.296,115,81.9,115.6,96.3,0.039,122.9,96.8,96
95XX11S2,0.072,0.037,0.357,0.043,0.68,0.075,0.068,0.257,81.3,85.8,113.9,124.2,0.054,117.7,98.1,99
95XX11S3,0.095,0.054,0.469,0.052,0.811,0.071,0.081,0.44,138.1,153.9,113.9,131.7,0.071,150.9,160.8,127.1
95XX12W1,0.041,0.029,0.137,0.007,0.514,0.027,0.05,0.162,90.2,45.6,95.1,72.4,0.028,72.7,52.7,76.2
95XX13W1,0.074,0.031,0.118,0.015,0.439,0.06,0.043,0.128,62.1,38.2,87.1,75.8,0.041,70.7,56,76.6
95XX14W1,0.073,0.032,0.049,0.015,0.422,0.031,0.04,0.14,40.7,36.3,93.2,73.2,0.034,81.1,40.3,64.8
95XX15W1,0.097,0.048,0.51,0,0.759,0.073,0.103,0.403,142.8,114.4,130,152.5,0.048,155.9,121.6,113.3
95XX16W1,0.078,0.033,0.155,0,0.513,0.068,0.06,0.225,60.9,66.7,86,96,0.043,65.4,73.6,90.4
95XX17S1,0.117,0.054,0.268,0.112,0.793,0.113,0.066,0.284,184.1,109.5,96.7,114,0.084,86,91.3,95.9
95XX17S2,0.041,0.036,0.224,0.011,0.592,0.059,0.065,0.176,86.4,56.2,118.2,72.6,0.038,74.4,57.9,87
95XX18W1,0.07,0.042,0.296,0.032,0.595,0.043,0.051,0.243,101.4,66,91.9,95.6,0.065,72.7,65.6,89
95XX19W1,0.024,0.033,0.124,0.007,0.478,0.041,0.043,0.157,75.1,52.3,86.5,99,0.025,63.9,47.8,79.9
95XX20S1,0.127,0.047,0.429,0.017,0.63,0.129,0.066,0.375,164,113.3,141.6,188.6,0.053,103.1,105.9,106.5
95XX20S2,0.089,0.062,0.58,0,0.917,0.089,0.082,0.405,165.4,52.4,135,100.3,0.032,104.4,77.1,80.7
95XX21W1,0.035,0.029,0.137,0.013,0.455,0.064,0.046,0.16,91.1,54.8,99.6,111.6,0.028,77.9,60.6,79.2
95XX22W1,0.047,0.04,0.315,0.02,0.669,0.063,0.075,0.321,58.2,74.5,100.7,102.1,0.04,97.9,89.3,95.1
95XX23W1,0.103,0.05,0.438,0.04,0.749,0.086,0.091,0.323,140.9,85.7,103.1,127.7,0.049,119.5,108.2,104.4
95XX24S1,0.091,0.035,0.143,0,0.499,0.063,0.052,0.234,43.8,61.6,73.5,89.2,0.028,48.2,72.3,91.9
95XX24S2,0.087,0.038,0.336,0.058,0.603,0.08,0.052,0.255,101.4,73.4,99.7,92.8,0.057,93.2,84.1,98.6
95XX25W1,0.085,0.056,0.59,0.044,0.781,0.095,0.097,0.402,118.6,102.2,87.5,120.8,0.042,136.1,111.5,110.1
95YY01W1,0.119,0.046,0.306,0.01,0.586,0.089,0.06,0.319,80.1,104,96.3,71.7,0.033,82.5,99.5,100.9
95YY02W1,0.101,0.052,0.279,0.014,0.589,0.085,0.058,0.374,139.8,129.5,116.9,100.5,0.081,91.1,113.2,111.4
95YY03W1,0.088,0.031,0.211,0.018,0.533,0.089,0.054,0.34,50.9,92.5,84.3,96,0.053,111.9,80.2,88
95YY04W1,0.076,0.051,0.314,0.004,0.569,0.086,0.06,0.379,96.1,124,90.1,78,0.038,93.2,105.2,105.4
95YY05W1,0.074,0.043,0.251,0.037,0.563,0.084,0.057,0.331,137.3,121.5,109.4,63.9,0.044,89.3,103.8,93.3
95YY06W1,0.128,0.03,0.207,0.007,0.605,0.091,0.057,0.413,103.2,130.8,93.3,109,0.015,90,124.9,104.6
95YY07W1,0.092,0.037,0.222,0.017,0.541,0.06,0.051,0.394,79.2,125.1,95.7,62.6,0.027,93,101.6,100.9
95YY08W1,0.078,0.039,0.258,0,0.616,0.085,0.057,0.442,77.5,112.7,70.1,75.6,0.037,99.5,92.4,96.7
95YY09W1,0.075,0.05,0.209,0.025,0.58,0.083,0.057,0.364,79.8,125.6,81.9,81.5,0.041,70.2,117,110.2
95YY10W1,0.042,0.037,0.167,0.011,0.469,0.075,0.039,0.309,53.7,80.7,87.2,87.1,0.069,73.6,75.1,89
95YY11W1,0.039,0.035,0.327,0,0.663,0.064,0.069,0.469,121,139,153.5,97,0.04,85,91.3,104.9
95YY12W1,0.078,0.035,0.194,0.011,0.558,0.06,0.054,0.296,79.9,94.9,87.2,70.5,0.031,79.2,96,89.4
95YY13S1,0.122,0.05,0.303,0.009,0.534,0.124,0.063,0.372,123.9,121.5,136.1,99.7,0.062,90.3,137.6,103.9
95YY13S2,0.124,0.056,0.349,0.056,0.74,0.178,0.079,0.462,98.8,170.5,86.1,83.7,0.029,86.9,113.6,122.4
95YY14S1,0.079,0.048,0.405,0.008,0.567,0.124,0.071,0.368,93.9,139.3,92.4,99.5,0,88.4,125.3,109.4
95YY14S2,0.093,0.042,0.423,0.018,0.523,0.117,0.062,0.348,84.9,134.1,111.2,59.7,0.071,91.9,105.4,102
95YY15S1,0.098,0.045,0.572,0,0.668,0.286,0.1,0.359,166.8,161,204.4,79.9,0.125,121.4,139,106.7
95YY15S2,0.1,0.071,0.419,0.009,0.711,0.116,0.094,0.512,270.4,210.6,147.6,112.1,0.066,125.3,145.8,124
95YY16W1,0.083,0.033,0.213,0.011,0.592,0.059,0.062,0.373,51.1,98,62.5,78.3,0.034,87.5,79.2,91
95YY17W1,0.071,0.034,0.239,0,0.535,0.073,0.056,0.39,119.7,105,115.3,93.9,0.041,88.3,104.2,97.5
95YY18W1,0.085,0.033,0.357,0.012,0.598,0.058,0.055,0.395,108,120.3,95.7,83.4,0.038,63,83.4,94
95YY19W1,0.125,0.057,0.483,0.03,0.648,0.141,0.075,0.376,160.8,146.3,145,109.5,0.07,84.6,121.6,110.6
95YY20W1,0.094,0.036,0.304,0,0.524,0.044,0.056,0.384,84,138,92.6,66.5,0.03,93.6,97.4,93.2
95YY21W1,0.049,0.027,0.196,0.007,0.582,0.073,0.052,0.365,37.4,97.5,92.2,85.9,0.025,81.9,84.2,87.8
95ZZ01W1,0.081,0.04,0.449,0.021,0.694,0.077,0.071,0.459,41.9,103.5,62.6,83.3,0.017,89,82.6,103.3
95ZZ02W1,0.08,0.063,0.495,0.009,0.705,0.118,0.112,0.6,137.9,162.1,98.6,119.6,0.088,115.9,128.9,123.6
95ZZ03W1,0.073,0.041,0.381,0.018,0.647,0.073,0.09,0.507,153.9,162.9,90.7,104.4,0.017,120.1,77.7,127
95ZZ04W1,0.084,0.033,0.357,0.024,0.623,0.07,0.054,0.478,90.8,120,74.3,89.1,0.059,89.8,61.1,103
95ZZ05W1,0.103,0.034,0.211,0.012,0.598,0.096,0.067,0.508,73.8,121.9,96.4,84.1,0.021,85.1,128.5,104
95ZZ06W1,0.113,0.071,0.7,0.024,0.743,0.145,0.123,0.66,109.8,185.7,114.2,126.5,0.037,152.6,144.7,126.1
95ZZ07W1,0.067,0.046,0.436,0.02,0.698,0.07,0.089,0.472,72.6,133.4,94.6,75.8,0.023,95.9,77.2,111
95ZZ08W1,0.111,0.045,0.352,0.029,0.645,0.08,0.081,0.531,87.3,139.2,113,105.6,0.057,108.5,67.6,110.9
95ZZ09W1,0.118,0.043,0.34,0.02,0.738,0.074,0.082,0.545,116.2,136.9,84.8,117.5,0.03,127.5,93.7,109.9
95ZZ10W1,0.071,0.057,0.305,0.01,0.579,0.072,0.093,0.407,103.1,127.3,112.8,94.2,0.042,114.9,95.5,101.6
95ZZ11W1,0.102,0.029,0.276,0.011,0.562,0.092,0.058,0.398,80.9,105.2,85,96,0.027,81.8,94.6,96.6
95ZZ12W1,0.107,0.059,0.486,0.007,0.667,0.046,0.082,0.523,53.7,145.5,93.8,114.6,0.053,105.1,89.7,120.9
95ZZ13W1,0.093,0.034,0.354,0.019,0.661,0.042,0.056,0.432,92.8,106.2,105.4,88.9,0.045,105,106.6,101.5
95ZZ14S1,0.09,0.065,0.334,0.038,0.655,0.066,0.09,0.456,99.3,137,73,69.7,0.054,94.9,122.5,111
95ZZ14S2,0.098,0.043,0.347,0.025,0.549,0.046,0.078,0.382,49.6,120.9,97.8,61.6,0,105,73.5,95.8
95ZZ15W1,0.077,0.042,0.373,0.013,0.658,0.082,0.076,0.48,88.8,116.8,103.3,84,0.048,107.8,79,98.9
95ZZ16S1,0.081,0.056,0.415,0.038,0.657,0.052,0.083,0.462,85.4,116.9,100.6,76.3,0.044,101.9,102.5,101.2
95ZZ16S2,0.116,0.06,0.407,0.023,0.618,0.085,0.082,0.447,68.7,153.9,81.6,103.9,0.058,126.7,111.8,110.4
