soa_code,ward_code
95AA01S1,95AA01
95AA01S2,95AA01
95AA01S3,95AA01
95AA02W1,95AA02
95AA03W1,95AA03
95AA04W1,95AA04
95AA05W1,95AA05
95AA06S1,95AA06
95AA06S2,95AA06
95AA07W1,95AA07
95AA08W1,95AA08
95AA09W1,95AA09
95AA10W1,95AA10
95AA11S1,95AA11
95AA11S2,95AA11
95AA12W1,95AA12
95AA13S1,95AA13
95AA13S2,95AA13
95AA14W1,95AA14
95AA15S1,95AA15
95AA15S2,95AA15
95AA16W1,95AA16
95AA17W1,95AA17
95AA18W1,95AA18
95AA19W1,95AA19
95BB01S1,95BB01
95BB01S2,95BB01
95BB02W1,95BB02
95BB03S1,95BB03
95BB03S2,95BB03
95BB04S1,95BB04
95BB04S2,95BB04
95BB05S1,95BB05
95BB05S2,95BB05
95BB06W1,95BB06
95BB07S1,95BB07
95BB07S2,95BB07
95BB08S1,95BB08
95BB08S2,95BB08
95BB09S1,95BB09
95BB09S2,95BB09
95BB10S1,95BB10
95BB10S2,95BB10
95BB11S1,95BB11
95BB11S2,95BB11
95BB12S1,95BB12
95BB12S2,95BB12
95BB13S1,95BB13
95BB13S2,95BB13
95BB13S3,95BB13
95BB14S1,95BB14
95BB14S2,95BB14
95BB15S1,95BB15
95BB15S2,95BB15
95BB16S1,95BB16
95BB16S2,95BB16
95BB17S1,95BB17
95BB17S2,95BB17
95BB18S1,95BB18
95BB18S2,95BB18
95BB19S1,95BB19
95BB19S2,95BB19
95BB19S3,95BB19
95BB20S1,95BB20
95BB20S2,95BB20
95BB21S1,95BB21
95BB21S2,95BB21
95BB22S1,95BB22
95BB22S2,95BB22
95BB23S1,95BB23
95BB23S2,95BB23
95CC01W1,95CC01
95CC02W1,95CC02
95CC03W1,95CC03
95CC04W1,95CC04
95CC05W1,95CC05
95CC06S1,95CC06
95CC06S2,95CC06
95CC07W1,95CC07
95CC08W1,95CC08
95CC09S1,95CC09
95CC09S2,95CC09
95CC10W1,95CC10
95CC11W1,95CC11
95CC12W1,95CC12
95CC13W1,95CC13
95CC14W1,95CC14
95CC15W1,95CC15
95CC16W1,95CC16
95CC17W1,95CC17
95CC18W1,95CC18
95CC19W1,95CC19
95CC20S1,95CC20
95CC20S2,95CC20
95CC21W1,95CC21
95CC22W1,95CC22
95DD01W1,95DD01
95DD02S1,95DD02
95DD02S2,95DD02
95DD03W1,95DD03
95DD04W1,95DD04
95DD05W1,95DD05
95DD06W1,95DD06
95DD07S1,95DD07
95DD07S2,95DD07
95DD08W1,95DD08
95DD09W1,95DD09
95DD10W1,95DD10
95DD11W1,95DD11
95DD12W1,95DD12
95DD13W1,95DD13
95DD14S1,95DD14
95DD14S2,95DD14
95DD15W1,95DD15
95DD16W1,95DD16
95DD17W1,95DD17
95DD18W1,95DD18
95DD19S1,95DD19
95DD19S2,95DD19
95DD20W1,95DD20
95DD21W1,95DD21
95DD22S1,95DD22
95DD22S2,95DD22
95DD23W1,95DD23
95DD24W1,95DD24
95EE01W1,95EE01
95EE02W1,95EE02
95EE03W1,95EE03
95EE04W1,95EE04
95EE05W1,95EE05
95EE06W1,95EE06
95EE07W1,95EE07
95EE08W1,95EE08
95EE09W1,95EE09
95EE10W1,95EE10
95EE11W1,95EE11
95EE12W1,95EE12
95EE13W1,95EE13
95EE14W1,95EE14
95EE15W1,95EE15
95EE16W1,95EE16
95FF01S1,95FF01
95FF01S2,95FF01
95FF02W1,95FF02
95FF03W1,95FF03
95FF04W1,95FF04
95FF05W1,95FF05
95FF06S1,95FF06
95FF06S2,95FF06
95FF07W1,95FF07
95FF08W1,95FF08
95FF09W1,95FF09
95FF10W1,95FF10
95FF11W1,95FF11
95FF12W1,95FF12
95FF13W1,95FF13
95FF14W1,95FF14
95FF15W1,95FF15
95FF16W1,95FF16
95FF17W1,95FF17
95GG01S1,95GG01
95GG01S2,95GG01
95GG01S3,95GG01
95GG02S1,95GG02
95GG02S2,95GG02
95GG02S3,95GG02
95GG03S1,95GG03
95GG03S2,95GG03
95GG03S3,95GG03
95GG04S1,95GG04
95GG04S2,95GG04
95GG04S3,95GG04
95GG05S1,95GG05
95GG05S2,95GG05
95GG05S3,95GG05
95GG06S1,95GG06
95GG06S2,95GG06
95GG06S3,95GG06
95GG07S1,95GG07
95GG07S2,95GG07
95GG07S3,95GG07
95GG08S1,95GG08
95GG08S2,95GG08
95GG08S3,95GG08
95GG09S1,95GG09
95GG09S2,95GG09
95GG09S3,95GG09
95GG10S1,95GG10
95GG10S2,95GG10
95GG11S1,95GG11
95GG11S2,95GG11
95GG11S3,95GG11
95GG12S1,95GG12
95GG12S2,95GG12
95GG12S3,95GG12
95GG12S4,95GG12
95GG12S5,95GG12
95GG13S1,95GG13
95GG13S2,95GG13
95GG13S3,95GG13
95GG14S1,95GG14
95GG14S2,95GG14
95GG14S3,95GG14
95GG15S1,95GG15
95GG15S2,95GG15
95GG15S3,95GG15
95GG16S1,95GG16
95GG16S2,95GG16
95GG16S3,95GG16
95GG17S1,95GG17
95GG17S2,95GG17
95GG17S3,95GG17
95GG18S1,95GG18
95GG18S2,95GG18
95GG19S1,95GG19
95GG19S2,95GG19
95GG20S1,95GG20
95GG20S2,95GG20
95GG21S1,95GG21
95GG21S2,95GG21
95GG21S3,95GG21
95GG22S1,95GG22
95GG22S2,95GG22
95GG22S3,95GG22
95GG23S1,95GG23
95GG23S2,95GG23
95GG23S3,95GG23
95GG24S1,95GG24
95GG24S2,95GG24
95GG24S3,95GG24
95GG25S1,95GG25
95GG25S2,95GG25
95GG25S3,95GG25
95GG26S1,95GG26
95GG26S2,95GG26
95GG27S1,95GG27
95GG27S2,95GG27
95GG27S3,95GG27
95GG27S4,95GG27
95GG28S1,95GG28
95GG28S2,95GG28
95GG28S3,95GG28
95GG29S1,95GG29
95GG29S2,95GG29
95GG30S1,95GG30
95GG30S2,95GG30
95GG30S3,95GG30
95GG31S1,95GG31
95GG31S2,95GG31
95GG31S3,95GG31
95GG32S1,95GG32
95GG32S2,95GG32
95GG32S3,95GG32
95GG33S1,95GG33
95GG33S2,95GG33
95GG33S3,95GG33
95GG34S1,95GG34
95GG34S2,95GG34
95GG34S3,95GG34
95GG35S1,95GG35
95GG35S2,95GG35
95GG35S3,95GG35
95GG36S1,95GG36
95GG36S2,95GG36
95GG36S3,95GG36
95GG37S1,95GG37
95GG37S2,95GG37
95GG37S3,95GG37
95GG38S1,95GG38
95GG38S2,95GG38
95GG38S3,95GG38
95GG39S1,95GG39
95GG39S2,95GG39
95GG39S3,95GG39
95GG40S1,95GG40
95GG40S2,95GG40
95GG41S1,95GG41
95GG41S2,95GG41
95GG41S3,95GG41
95GG42S1,95GG42
95GG42S2,95GG42
95GG42S3,95GG42
95GG42S4,95GG42
95GG43S1,95GG43
95GG43S2,95GG43
95GG43S3,95GG43
95GG44S1,95GG44
95GG44S2,95GG44
95GG45S1,95GG45
95GG45S2,95GG45
95GG45S3,95GG45
95GG46S1,95GG46
95GG46S2,95GG46
95GG46S3,95GG46
95GG47S1,95GG47
95GG47S2,95GG47
95GG47S3,95GG47
95GG48S1,95GG48
95GG48S2,95GG48
95GG48S3,95GG48
95GG49S1,95GG49
95GG49S2,95GG49
95GG49S3,95GG49
95GG49S4,95GG49
95GG50S1,95GG50
95GG50S2,95GG50
95GG50S3,95GG50
95GG51S1,95GG51
95GG51S2,95GG51
95GG51S3,95GG51
95HH01W1,95HH01
95HH02S1,95HH02
95HH02S2,95HH02
95HH03W1,95HH03
95HH04S1,95HH04
95HH04S2,95HH04
95HH05W1,95HH05
95HH06S1,95HH06
95HH06S2,95HH06
95HH07W1,95HH07
95HH08W1,95HH08
95HH09W1,95HH09
95HH10W1,95HH10
95HH11W1,95HH11
95HH12W1,95HH12
95HH13W1,95HH13
95HH14W1,95HH14
95HH15W1,95HH15
95HH16W1,95HH16
95HH17W1,95HH17
95II01S1,95II01
95II01S2,95II01
95II02S1,95II02
95II02S2,95II02
95II02S3,95II02
95II03S1,95II03
95II03S2,95II03
95II04S1,95II04
95II04S2,95II04
95II05S1,95II05
95II05S2,95II05
95II06S1,95II06
95II06S2,95II06
95II07W1,95II07
95II08W1,95II08
95II09S1,95II09
95II09S2,95II09
95II10W1,95II10
95II11W1,95II11
95II12W1,95II12
95II13W1,95II13
95II14W1,95II14
95II15S1,95II15
95II15S2,95II15
95II16W1,95II16
95II17W1,95II17
95II18W1,95II18
95II19S1,95II19
95II19S2,95II19
95II20W1,95II20
95II21W1,95II21
95II22W1,95II22
95II23W1,95II23
95JJ01W1,95JJ01
95JJ02W1,95JJ02
95JJ03S1,95JJ03
95JJ03S2,95JJ03
95JJ04S1,95JJ04
95JJ04S2,95JJ04
95JJ05W1,95JJ05
95JJ06W1,95JJ06
95JJ07W1,95JJ07
95JJ08S1,95JJ08
95JJ08S2,95JJ08
95JJ09W1,95JJ09
95JJ10W1,95JJ10
95JJ11S1,95JJ11
95JJ11S2,95JJ11
95JJ12W1,95JJ12
95JJ13S1,95JJ13
95JJ13S2,95JJ13
95JJ14W1,95JJ14
95JJ15W1,95JJ15
95JJ16W1,95JJ16
95JJ17W1,95JJ17
95JJ18W1,95JJ18
95JJ19S1,95JJ19
95JJ19S2,95JJ19
95JJ20S1,95JJ20
95JJ20S2,95JJ20
95JJ21W1,95JJ21
95JJ22W1,95JJ22
95KK01W1,95KK01
95KK02W1,95KK02
95KK03W1,95KK03
95KK04W1,95KK04
95KK05W1,95KK05
95KK06W1,95KK06
95KK07W1,95KK07
95KK08W1,95KK08
95KK09W1,95KK09
95KK10W1,95KK10
95KK11W1,95KK11
95KK12W1,95KK12
95KK13W1,95KK13
95KK14W1,95KK14
95KK15W1,95KK15
95KK16W1,95KK16
95LL01S1,95LL01
95LL01S2,95LL01
95LL02S1,95LL02
95LL02S2,95LL02
95LL03W1,95LL03
95LL04W1,95LL04
95LL05S1,95LL05
95LL05S2,95LL05
95LL06S1,95LL06
95LL06S2,95LL06
95LL07W1,95LL07
95LL08S1,95LL08
95LL08S2,95LL08
95LL09S1,95LL09
95LL09S2,95LL09
95LL10S1,95LL10
95LL10S2,95LL10
95LL11S1,95LL11
95LL11S2,95LL11
95LL12S1,95LL12
95LL12S2,95LL12
95LL13S1,95LL13
95LL13S2,95LL13
95LL14S1,95LL14
95LL14S2,95LL14
95LL15S1,95LL15
95LL15S2,95LL15
95LL16S1,95LL16
95LL16S2,95LL16
95LL17W1,95LL17
95LL18S1,95LL18
95LL18S2,95LL18
95LL19S1,95LL19
95LL19S2,95LL19
95LL20W1,95LL20
95LL21W1,95LL21
95LL22W1,95LL22
95LL23W1,95LL23
95LL24S1,95LL24
95LL24S2,95LL24
95LL25S1,95LL25
95LL25S2,95LL25
95LL26S1,95LL26
95LL26S2,95LL26
95MM01S1,95MM01
95MM01S2,95MM01
95MM01S3,95MM01
95MM02S1,95MM02
95MM02S2,95MM02
95MM03W1,95MM03
95MM04W1,95MM04
95MM05W1,95MM05
95MM06S1,95MM06
95MM06S2,95MM06
95MM07W1,95MM07
95MM08S1,95MM08
95MM08S2,95MM08
95MM09S1,95MM09
95MM09S2,95MM09
95MM10S1,95MM10
95MM10S2,95MM10
95MM11W1,95MM11
95MM12S1,95MM12
95MM12S2,95MM12
95MM12S3,95MM12
95MM13S1,95MM13
95MM13S2,95MM13
95MM13S3,95MM13
95MM13S4,95MM13
95MM13S5,95MM13
95MM14S1,95MM14
95MM14S2,95MM14
95MM15S1,95MM15
95MM15S2,95MM15
95MM16S1,95MM16
95MM16S2,95MM16
95MM17S1,95MM17
95MM17S2,95MM17
95MM18S1,95MM18
95MM18S2,95MM18
95MM19S1,95MM19
95MM19S2,95MM19
95MM20S1,95MM20
95MM20S2,95MM20
95MM21S1,95MM21
95MM21S2,95MM21
95MM22S1,95MM22
95MM22S2,95MM22
95MM23W1,95MM23
95MM24W1,95MM24
95MM25S1,95MM25
95MM25S2,95MM25
95MM25S3,95MM25
95MM25S4,95MM25
95MM26S1,95MM26
95MM26S2,95MM26
95MM27S1,95MM27
95MM27S2,95MM27
95MM28W1,95MM28
95MM29W1,95MM29
95MM30W1,95MM30
95NN01S1,95NN01
95NN01S2,95NN01
95NN02W1,95NN02
95NN03S1,95NN03
95NN03S2,95NN03
95NN04W1,95NN04
95NN05W1,95NN05
95NN06S1,95NN06
95NN06S2,95NN06
95NN07S1,95NN07
95NN07S2,95NN07
95NN08S1,95NN08
95NN08S2,95NN08
95NN09S1,95NN09
95NN09S2,95NN09
95NN10S1,95NN10
95NN10S2,95NN10
95NN11S1,95NN11
95NN11S2,95NN11
95NN12W1,95NN12
95NN13W1,95NN13
95NN14S1,95NN14
95NN14S2,95NN14
95NN15W1,95NN15
95NN16S1,95NN16
95NN16S2,95NN16
95NN17W1,95NN17
95NN18S1,95NN18
95NN18S2,95NN18
95NN19S1,95NN19
95NN19S2,95NN19
95NN20W1,95NN20
95NN21W1,95NN21
95NN22W1,95NN22
95NN23S1,95NN23
95NN23S2,95NN23
95OO01W1,95OO01
95OO02W1,95OO02
95OO03W1,95OO03
95OO04W1,95OO04
95OO05W1,95OO05
95OO06W1,95OO06
95OO07W1,95OO07
95OO08W1,95OO08
95OO09W1,95OO09
95OO10W1,95OO10
95OO11W1,95OO11
95OO12W1,95OO12
95OO13W1,95OO13
95OO14W1,95OO14
95OO15W1,95OO15
95OO16W1,95OO16
95OO17W1,95OO17
95OO18W1,95OO18
95OO19W1,95OO19
95OO20W1,95OO20
95OO21W1,95OO21
95OO22W1,95OO22
95PP01W1,95PP01
95PP02W1,95PP02
95PP03W1,95PP03
95PP04W1,95PP04
95PP05W1,95PP05
95PP06S1,95PP06
95PP06S2,95PP06
95PP07W1,95PP07
95PP08W1,95PP08
95PP09W1,95PP09
95PP10W1,95PP10
95PP11W1,95PP11
95PP12W1,95PP12
95PP13W1,95PP13
95PP14S1,95PP14
95PP14S2,95PP14
95PP15W1,95PP15
95PP16W1,95PP16
95PP17W1,95PP17
95PP18W1,95PP18
95PP19W1,95PP19
95PP20W1,95PP20
95PP21W1,95PP21
95PP22W1,95PP22
95PP23W1,95PP23
95QQ01W1,95QQ01
95QQ02W1,95QQ02
95QQ03W1,95QQ03
95QQ04W1,95QQ04
95QQ05W1,95QQ05
95QQ06W1,95QQ06
95QQ07W1,95QQ07
95QQ08W1,95QQ08
95QQ09W1,95QQ09
95QQ10W1,95QQ10
95QQ11W1,95QQ11
95QQ12W1,95QQ12
95QQ13W1,95QQ13
95QQ14S1,95QQ14
95QQ14S2,95QQ14
95QQ15W1,95QQ15
95RR01S1,95RR01
95RR01S2,95RR01
95RR02W1,95RR02
95RR03W1,95RR03
95RR04W1,95RR04
95RR05S1,95RR05
95RR05S2,95RR05
95RR06W1,95RR06
95RR07W1,95RR07
95RR08W1,95RR08
95RR09S1,95RR09
95RR09S2,95RR09
95RR10W1,95RR10
95RR11W1,95RR11
95RR12W1,95RR12
95RR13W1,95RR13
95RR14W1,95RR14
95RR15W1,95RR15
95SS01S1,95SS01
95SS01S2,95SS01
95SS02S1,95SS02
95SS02S2,95SS02
95SS03S1,95SS03
95SS03S2,95SS03
95SS04S1,95SS04
95SS04S2,95SS04
95SS04S3,95SS04
95SS05S1,95SS05
95SS05S2,95SS05
95SS06S1,95SS06
95SS06S2,95SS06
95SS06S3,95SS06
95SS07S1,95SS07
95SS07S2,95SS07
95SS07S3,95SS07
95SS08S1,95SS08
95SS08S2,95SS08
95SS09S1,95SS09
95SS09S2,95SS09
95SS10S1,95SS10
95SS10S2,95SS10
95SS11S1,95SS11
95SS11S2,95SS11
95SS12W1,95SS12
95SS13S1,95SS13
95SS13S2,95SS13
95SS14S1,95SS14
95SS14S2,95SS14
95SS15S1,95SS15
95SS15S2,95SS15
95SS16S1,95SS16
95SS16S2,95SS16
95SS17S1,95SS17
95SS17S2,95SS17
95SS18S1,95SS18
95SS18S2,95SS18
95SS19S1,95SS19
95SS19S2,95SS19
95SS20W1,95SS20
95SS21S1,95SS21
95SS21S2,95SS21
95SS22S1,95SS22
95SS22S2,95SS22
95SS23S1,95SS23
95SS23S2,95SS23
95SS24S1,95SS24
95SS24S2,95SS24
95SS25W1,95SS25
95SS26S1,95SS26
95SS26S2,95SS26
95SS27W1,95SS27
95SS28W1,95SS28
95SS29S1,95SS29
95SS29S2,95SS29
95SS30S1,95SS30
95SS30S2,95SS30
95TT01W1,95TT01
95TT02W1,95TT02
95TT03S1,95TT03
95TT03S2,95TT03
95TT04W1,95TT04
95TT05S1,95TT05
95TT05S2,95TT05
95TT06W1,95TT06
95TT07W1,95TT07
95TT08W1,95TT08
95TT09S1,95TT09
95TT09S2,95TT09
95TT10W1,95TT10
95TT11S1,95TT11
95TT11S2,95TT11
95TT12W1,95TT12
95TT13S1,95TT13
95TT13S2,95TT13
95TT14W1,95TT14
95TT15W1,95TT15
95TT16W1,95TT16
95UU06W1,95UU06
95UU09W1,95UU09
95UU14W1,95UU14
95VV01S1,95VV01
95VV01S2,95VV01
95VV02W1,95VV02
95VV03W1,95VV03
95VV04W1,95VV04
95VV05S1,95VV05
95VV05S2,95VV05
95VV06W1,95VV06
95VV07S1,95VV07
95VV07S2,95VV07
95VV08W1,95VV08
95VV09W1,95VV09
95VV10S1,95VV10
95VV10S2,95VV10
95VV11S1,95VV11
95VV11S2,95VV11
95VV12S1,95VV12
95VV12S2,95VV12
95VV13S1,95VV13
95VV13S2,95VV13
95VV14S1,95VV14
95VV14S2,95VV14
95VV15S1,95VV15
95VV15S2,95VV15
95VV16W1,95VV16
95VV17S1,95VV17
95VV17S2,95VV17
95VV18S1,95VV18
95VV18S2,95VV18
95VV19S1,95VV19
95VV19S2,95VV19
95VV20W1,95VV20
95VV21S1,95VV21
95VV21S2,95VV21
95VV22W1,95VV22
95VV23W1,95VV23
95VV24S1,95VV24
95VV24S2,95VV24
95VV25S1,95VV25
95VV25S2,95VV25
95VV26W1,95VV26
95VV27W1,95VV27
95VV28S1,95VV28
95VV28S2,95VV28
95VV29W1,95VV29
95VV30S1,95VV30
95VV30S2,95VV30
95WW01S1,95WW01
95WW01S2,95WW01
95WW02S1,95WW02
95WW02S2,95WW02
95WW03S1,95WW03
95WW03S2,95WW03
95WW04S1,95WW04
95WW04S2,95WW04
95WW05S1,95WW05
95WW05S2,95WW05
95WW06S1,95WW06
95WW06S2,95WW06
95WW07S1,95WW07
95WW07S2,95WW07
95WW08S1,95WW08
95WW08S2,95WW08
95WW09S1,95WW09
95WW09S2,95WW09
95WW10S1,95WW10
95WW10S2,95WW10
95WW11S1,95WW11
95WW11S2,95WW11
95WW12W1,95WW12
95WW13S1,95WW13
95WW13S2,95WW13
95WW14W1,95WW14
95WW15S1,95WW15
95WW15S2,95WW15
95WW16S1,95WW16
95WW16S2,95WW16
95WW17W1,95WW17
95WW18W1,95WW18
95WW19S1,95WW19
95WW19S2,95WW19
95WW19S3,95WW19
95WW20S1,95WW20
95WW20S2,95WW20
95WW20S3,95WW20
95WW21S1,95WW21
95WW21S2,95WW21
95WW22S1,95WW22
95WW22S2,95WW22
95WW23S1,95WW23
95WW23S2,95WW23
95WW24S1,95WW24
95WW24S2,95WW24
95WW25W1,95WW25
95XX01S1,95XX01
95XX01S2,95XX01
95XX01S3,95XX01
95XX02W1,95XX02
95XX03S1,95XX03
95XX03S2,95XX03
95XX04S1,95XX04
95XX04S2,95XX04
95XX05W1,95XX05
95XX06S1,95XX06
95XX06S2,95XX06
95XX07S1,95XX07
95XX07S2,95XX07
95XX08S1,95XX08
95XX08S2,95XX08
95XX09S1,95XX09
95XX09S2,95XX09
95XX10S1,95XX10
95XX10S2,95XX10
95XX10S3,95XX10
95XX11S1,95XX11
95XX11S2,95XX11
95XX11S3,95XX11
95XX12W1,95XX12
95XX13W1,95XX13
95XX14W1,95XX14
95XX15W1,95XX15
95XX16W1,95XX16
95XX17S1,95XX17
95XX17S2,95XX17
95XX18W1,95XX18
95XX19W1,95XX19
95XX20S1,95XX20
95XX20S2,95XX20
95XX21W1,95XX21
95XX22W1,95XX22
95XX23W1,95XX23
95XX24S1,95XX24
95XX24S2,95XX24
95XX25W1,95XX25
95YY01W1,95YY01
95YY02W1,95YY02
95YY03W1,95YY03
95YY04W1,95YY04
95YY05W1,95YY05
95YY06W1,95YY06
95YY07W1,95YY07
95YY08W1,95YY08
95YY09W1,95YY09
95YY10W1,95YY10
95YY11W1,95YY11
95YY12W1,95YY12
95YY13S1,95YY13
95YY13S2,95YY13
95YY14S1,95YY14
95YY14S2,95YY14
95YY15S1,95YY15
95YY15S2,95YY15
95YY16W1,95YY16
95YY17W1,95YY17
95YY18W1,95YY18
95YY19W1,95YY19
95YY20W1,95YY20
95YY21W1,95YY21
95ZZ01W1,95ZZ01
95ZZ02W1,95ZZ02
95ZZ03W1,95ZZ03
95ZZ04W1,95ZZ04
95ZZ05W1,95ZZ05
95ZZ06W1,95ZZ06
95ZZ07W1,95ZZ07
95ZZ08W1,95ZZ08
95ZZ09W1,95ZZ09
95ZZ10W1,95ZZ10
95ZZ11W1,95ZZ11
95ZZ12W1,95ZZ12
95ZZ13W1,95ZZ13
95ZZ14S1,95ZZ14
95ZZ14S2,95ZZ14
95ZZ15W1,95ZZ15
95ZZ16S1,95ZZ16
95ZZ16S2,95ZZ16
95UU99C1,95UU01
95UU99C1,95UU15
95UU99C2,95UU02
95UU99C2,95UU04
95UU99C3,95UU03
95UU99C3,95UU11
95UU99C4,95UU05
95UU99C4,95UU07
95UU99C5,95UU08
95UU99C5,95UU10
95UU99C6,95UU12
95UU99C6,95UU13
